client_id,signup_date,account_status
C803,2026-01-23,?
C1204,2026-02-04,?
C1226,16/01/2026, Active 
C538,2026-01-11, Active 
C1003,10/02/2026,-999
C597,2026-02-03,-999
C736,13/02/2026, 
C133,19/01/2026,-999
C1435,2026-02-06,?
C1271,2026-01-11, Active 
C1259,16/01/2026, pending
C1273,2026-01-09, pending
C1269,2026-01-26,
C1286,2026-01-19,ACTIVE
C714,09/01/2026,ACTIVE
C671,03/02/2026, pending
C783,2026-01-04,ACTIVE
C1082,2026-02-04, pending
C237,09/02/2026,?
C585,2026-01-25, pending
C396,2026-02-03,inactive
C1301,27/01/2026,inactive
C1060,2026-01-24,inactive
C1167,2026-02-07,?
C180,2026-02-12, Active 
C417,2026-01-14, Active 
C937,2026-01-11, pending
C944,2026-01-20,?
C770,2026-02-09,ACTIVE
C136,?,?
C555,?,inactive
C364,09/01/2026, Active 
C589,2026-01-22,ACTIVE
C1486,2026-01-20, Active 
C135,2026-01-08, Active 
C1422,26/01/2026,inactive
C87,03/02/2026, Active 
C224,2026-01-30, Active 
C742,2026-01-05, pending
C532,?,ACTIVE
C1472,2026-02-12, pending
C319,2026-02-07,?
C625,2026-02-04,?
C916,2026-01-17,inactive
C1116,2026-01-03,inactive
C625,2026-02-04,?
C130,2026-01-23, Active 
C1249,2026-02-13,inactive
C1029,2026-01-24, Active 
C42,2026-02-10,ACTIVE
C72,2026-02-10,-999
C350,2026-02-14, Active 
C891,2026-01-09, Active 
C291,03/02/2026,-999
C669,2026-01-27,ACTIVE
C1198,04/02/2026, pending
C415,15/01/2026,-999
C1476,03/01/2026,ACTIVE
C436,2026-01-22, pending
C1333,06/02/2026, Active 
C52,26/01/2026,inactive
C1113,2026-01-12,?
C1491,2026-01-27,inactive
C330,2026-02-08,-999
C1434,16/01/2026,inactive
C664,2026-01-26,?
C839,01/01/2026, Active 
C299,21/01/2026,-999
C1070,03/02/2026,?
C473,25/01/2026,?
C316,09/01/2026, pending
C1210,2026-01-21, Active 
C745,2026-01-30, Active 
C622,2026-02-10, pending
C1272,19/01/2026, Active 
C35,2026-02-04,-999
C574,2026-01-08,inactive
C1080,2026-02-01,-999
C948,07/02/2026,ACTIVE
C21,03/02/2026,?
C971,2026-01-04,?
C1084,2026-02-01,-999
C288,03/02/2026,ACTIVE
C346,2026-01-03,?
C1440,25/01/2026,-999
C144,2026-02-02,?
C534,15/01/2026,?
C719,?, Active 
C879,2026-01-27,inactive
C388,12/02/2026,inactive
C1244,2026-01-09,ACTIVE
C244,2026-01-31, Active 
C1079,2026-02-12,?
C595,05/01/2026, pending
C117,12/02/2026, Active 
C1165,2026-02-07, pending
C578,2026-01-14, Active 
C756,28/01/2026,?
C312,2026-01-16,?
C285,2026-01-08, Active 
C718,2026-02-03,inactive
C11,2026-01-25, pending
C1285,2026-01-29,ACTIVE
C297,2026-01-21,-999
C628,2026-01-02,inactive
C18,31/01/2026,-999
C857,2026-01-11, pending
C627,05/02/2026,inactive
C792,2026-02-13,?
C115,15/02/2026,inactive
C36,2026-01-10,-999
C562,2026-02-08,inactive
C146,2026-02-10, Active 
C796,2026-01-26,?
C1382,2026-01-01,-999
C152,?,?
C172,2026-02-03, pending
C1298,?,-999
C497,2026-01-03,inactive
C1399,23/01/2026, pending
C56,?,?
C444,2026-01-12,ACTIVE
C416,14/01/2026,ACTIVE
C37,2026-01-10,-999
C186,2026-01-02, pending
C600,2026-01-11,ACTIVE
C1457,2026-02-13, pending
C60,2026-02-02, pending
C722,2026-02-07, Active 
C1311,23/01/2026,?
C1199,17/01/2026,ACTIVE
C107,2026-01-12,ACTIVE
C1341,20/01/2026, pending
C766,20/01/2026,inactive
C1407,18/01/2026,-999
C120,02/02/2026, pending
C229,2026-02-11, pending
C1021,30/01/2026, pending
C1470,2026-01-05,ACTIVE
C1124,2026-02-09, Active 
C513,2026-02-03,inactive
C643,25/01/2026,?
C954,2026-02-01,inactive
C636,2026-01-10,inactive
C1364,2026-01-17,ACTIVE
C200,2026-01-10,-999
C377,2026-01-07,inactive
C94,2026-02-15, Active 
C276,?, pending
C430,2026-02-10,ACTIVE
C890,11/02/2026, pending
C997,2026-01-03,?
C487,2026-02-10,-999
C61,2026-01-13, pending
C842,2026-01-02,-999
C298,2026-01-10, pending
C344,2026-02-06,?
C970,30/01/2026, Active 
C110,13/01/2026,ACTIVE
C371,25/01/2026,?
C1104,21/01/2026,?
C1497,2026-01-02, pending
C800,15/02/2026,?
C1147,?,?
C830,2026-01-13, pending
C1194,2026-02-06,-999
C121,2026-02-04,inactive
C617,2026-01-01, pending
C464,2026-01-23, Active 
C92,2026-02-01,?
C418,2026-01-04,inactive
C253,2026-01-07, pending
C769,08/02/2026,inactive
C389,2026-01-19, Active 
C739,08/02/2026,inactive
C1019,30/01/2026, pending
C522,2026-02-11, pending
C641,2026-01-20, pending
C735,2026-01-21,inactive
C717,03/01/2026, Active 
C908,?,?
C1193,2026-01-15,?
C463,28/01/2026,?
C1052,2026-02-03,-999
C912,27/01/2026, Active 
C472,31/01/2026,?
C243,13/01/2026, Active 
C863,2026-02-08,inactive
C1129,2026-01-02,ACTIVE
C145,2026-01-28,ACTIVE
C609,03/01/2026, pending
C176,2026-01-22,inactive
C956,2026-02-12,-999
C552,2026-01-06,inactive
C712,2026-02-08,?
C106,2026-02-04, pending
C46,2026-01-29, Active 
C530,02/01/2026, Active 
C203,2026-01-31, Active 
C992,15/01/2026,inactive
C721,2026-02-01,-999
C1325,2026-01-02,ACTIVE
C498,2026-02-02,inactive
C1481,2026-02-08,inactive
C370,2026-01-26, pending
C871,2026-01-30,inactive
C1320,2026-02-10, pending
C707,2026-01-25,?
C615,2026-01-28,?
C827,2026-01-17,ACTIVE
C932,03/01/2026, pending
C1404,2026-01-31,inactive
C250,2026-01-23, pending
C1041,2026-01-21,ACTIVE
C234,2026-02-08,ACTIVE
C1026,21/01/2026,-999
C1064,23/01/2026, pending
C426,2026-01-04, pending
C818,2026-01-14, Active 
C587,2026-01-04,?
C1293,2026-02-01,?
C822,13/01/2026,inactive
C634,04/02/2026,ACTIVE
C961,2026-01-16, pending
C801,2026-02-12,?
C400,2026-01-12,?
C790,2026-01-14,ACTIVE
C402,2026-01-22,inactive
C1143,?,?
C1468,28/01/2026, pending
C261,2026-02-03, Active 
C1240,2026-01-26,ACTIVE
C607,2026-01-20, pending
C1369,05/02/2026,-999
C1180,2026-01-18,ACTIVE
C1166,01/01/2026,?
C758,2026-01-06,-999
C410,22/01/2026, pending
C898,2026-02-07,inactive
C710,2026-01-20,ACTIVE
C967,26/01/2026,-999
C1222,2026-01-21,inactive
C1130,07/01/2026,ACTIVE
C207,10/01/2026, pending
C731,29/01/2026,-999
C67,14/01/2026,inactive
C150,?,-999
C34,2026-01-23, pending
C1469,10/01/2026, pending
C158,2026-01-01,ACTIVE
C1449,25/01/2026,?
C750,2026-01-02, Active 
C791,2026-01-01, Active 
C1195,2026-02-05,inactive
C376,15/01/2026, Active 
C108,11/02/2026,ACTIVE
C1254,2026-02-02, pending
C539,24/01/2026,inactive
C20,11/01/2026, pending
C1409,03/02/2026,?
C531,2026-01-25,?
C275,2026-01-12, pending
C764,22/01/2026,?
C526,2026-02-09,inactive
C799,02/01/2026,ACTIVE
C1098,2026-01-24,?
C1483,2026-02-11,?
C328,2026-01-18,-999
C208,2026-01-21, pending
C98,2026-01-01,?
C752,21/01/2026,?
C71,01/01/2026,-999
C335,2026-01-14,-999
C853,?,-999
C1387,2026-01-26,ACTIVE
C1339,2026-01-18,ACTIVE
C381,2026-01-05,-999
C1473,?,ACTIVE
C6,2026-01-28,inactive
C1395,2026-02-10,-999
C1347,2026-01-23,inactive
C700,2026-02-07,?
C62,2026-02-12,?
C692,03/01/2026, pending
C309,2026-01-05,inactive
C868,27/01/2026, pending
C503,2026-02-14,-999
C29,31/01/2026, Active 
C1136,07/02/2026, pending
C1365,2026-01-25, pending
C823,03/01/2026,inactive
C940,05/02/2026,inactive
C1474,02/02/2026, Active 
C1174,2026-01-19,ACTIVE
C754,04/02/2026,?
C521,2026-02-08, Active 
C841,2026-02-02,?
C965,2026-02-01,-999
C323,23/01/2026, Active 
C684,2026-01-03,inactive
C197,2026-01-26,inactive
C413,2026-01-23,inactive
C603,2026-02-11, pending
C952,10/01/2026, pending
C1224,12/02/2026, pending
C423,2026-01-28,inactive
C1149,2026-01-09,ACTIVE
C481,2026-02-05,inactive
C1028,2026-02-08,-999
C1009,2026-01-21,-999
C97,2026-02-07, pending
C140,2026-02-05, Active 
C1430,2026-01-20, pending
C767,2026-01-15,inactive
C506,2026-01-17,inactive
C825,2026-02-12,-999
C1494,2026-02-05,ACTIVE
C694,2026-02-05, Active 
C946,2026-01-06,-999
C458,2026-02-12,inactive
C1288,2026-01-16,-999
C1374,2026-01-08, pending
C545,04/01/2026,-999
C824,2026-02-15,inactive
C1163,2026-01-24, pending
C686,?, pending
C429,2026-01-19,-999
C2,?,?
C151,2026-02-06,?
C95,26/01/2026, pending
C148,2026-01-19,?
C1342,10/02/2026,?
C816,2026-01-11, pending
C80,2026-01-02,inactive
C204,21/01/2026,-999
C849,2026-02-06,-999
C1033,2026-01-19,ACTIVE
C240,2026-01-27,-999
C808,25/01/2026,?
C336,2026-01-14,ACTIVE
C738,2026-01-17,inactive
C537,2026-01-10, Active 
C345,2026-02-10, pending
C467,2026-01-09, Active 
C1280,2026-01-08,?
C681,2026-01-18,inactive
C1212,2026-01-31,ACTIVE
C637,2026-01-22, pending
C556,2026-01-11,inactive
C1191,08/02/2026, pending
C1372,2026-02-02,inactive
C1423,?,-999
C500,2026-01-30, pending
C78,2026-01-03,inactive
C43,2026-01-19,?
C1414,2026-02-05,inactive
C1006,2026-01-05,-999
C1189,02/01/2026,-999
C809,2026-02-03,-999
C1125,2026-01-25, Active 
C392,2026-01-17,ACTIVE
C372,2026-02-15,?
C972,2026-01-23, pending
C192,2026-01-13, Active 
C1147,?,?
C838,2026-01-27, Active 
C734,2026-02-01,?
C1327,14/01/2026,?
C1290,2026-01-27,?
C813,2026-02-08,ACTIVE
C63,2026-01-05,ACTIVE
C1236,2026-01-10, Active 
C1048,2026-01-10,inactive
C592,13/02/2026, Active 
C308,2026-01-17,inactive
C340,22/01/2026,-999
C1141,13/01/2026,ACTIVE
C70,2026-01-09,-999
C1447,2026-01-15, Active 
C1178,2026-02-11,inactive
C886,?, Active 
C251,2026-02-02, pending
C449,11/02/2026,inactive
C469,06/02/2026,-999
C1310,2026-02-11, Active 
C167,2026-01-26,-999
C510,2026-01-25,inactive
C1014,28/01/2026,?
C852,2026-01-06,inactive
C439,2026-02-12, pending
C880,14/02/2026,?
C1094,03/02/2026, pending
C689,10/01/2026, Active 
C1000,08/01/2026,?
C875,2026-01-24,?
C1106,2026-02-11,ACTIVE
C81,2026-01-07,inactive
C1017,2026-01-05,inactive
C51,2026-01-26,-999
C217,2026-02-08, Active 
C1466,?, Active 
C1049,?,-999
C425,2026-01-01, Active 
C1487,26/01/2026, Active 
C1043,03/02/2026, Active 
C524,2026-01-13, pending
C976,2026-02-01,ACTIVE
C153,2026-01-12,ACTIVE
C757,2026-01-17,?
C48,2026-01-29, pending
C1051,11/01/2026,?
C593,20/01/2026, Active 
C706,03/01/2026,?
C887,2026-01-16,ACTIVE
C1319,05/02/2026, Active 
C9,2026-01-18,ACTIVE
C479,2026-01-28,ACTIVE
C570,2026-01-08,?
C829,2026-02-02,inactive
C32,2026-01-26,inactive
C1208,2026-01-28, pending
C1039,01/01/2026,-999
C705,2026-01-31,?
C858,2026-01-29, Active 
C884,2026-01-31,ACTIVE
C870,24/01/2026, Active 
C310,2026-01-03,-999
C213,05/02/2026,?
C1034,25/01/2026,?
C16,2026-01-02, pending
C581,2026-01-27,inactive
C1384,28/01/2026,-999
C374,2026-01-26,ACTIVE
C47,2026-01-11,inactive
C1329,2026-02-05, Active 
C1253,2026-01-04,ACTIVE
C185,2026-01-08, Active 
C206,31/01/2026,inactive
C1095,2026-01-06,?
C411,05/01/2026,ACTIVE
C515,2026-01-04,inactive
C938,2026-02-03,-999
C470,2026-02-15,-999
C1441,2026-01-24,inactive
C127,17/01/2026,-999
C306,2026-01-28,inactive
C314,2026-02-11, pending
C876,31/01/2026,inactive
C805,2026-02-11,inactive
C1078,24/01/2026, Active 
C239,2026-01-29,inactive
C1181,09/01/2026,?
C38,2026-01-20,ACTIVE
C843,2026-01-30,inactive
C831,?, Active 
C1304,2026-01-29, Active 
C342,2026-01-28, pending
C1295,?,ACTIVE
C992,15/01/2026,inactive
C626,2026-01-09,?
C212,16/01/2026, Active 
C317,2026-02-01, Active 
C85,2026-01-18,-999
C642,2026-01-30, Active 
C1232,20/01/2026,?
C980,2026-01-04, pending
C168,2026-01-17, pending
C1421,2026-01-27,?
C572,06/02/2026, Active 
C1025,2026-02-09,-999
C1047,2026-01-06, Active 
C985,15/01/2026,ACTIVE
C747,2026-02-09,ACTIVE
C249,2026-02-09,ACTIVE
C142,2026-02-13,inactive
C169,2026-02-07, pending
C1255,16/01/2026,ACTIVE
C1499,2026-02-12,ACTIVE
C254,14/01/2026,ACTIVE
C351,2026-01-25, Active 
C69,2026-02-14,inactive
C1053,2026-02-12,ACTIVE
C1431,2026-01-02,?
C1354,27/01/2026,?
C1061,2026-01-21,inactive
C181,2026-01-17, Active 
C1046,2026-02-02, pending
C433,2026-02-08, Active 
C1168,2026-01-09,?
C895,2026-01-31,?
C323,23/01/2026, Active 
C4,2026-01-20,?
C490,2026-02-05, Active 
C583,22/01/2026,-999
C24,03/01/2026,inactive
C1328,02/02/2026,-999
C1314,2026-01-17,inactive
C1083,2026-01-03,inactive
C189,2026-02-01,ACTIVE
C764,22/01/2026,?
C1500,2026-01-17,-999
C1277,2026-02-03,-999
C280,26/01/2026,-999
C367,2026-02-02,ACTIVE
C1377,?,inactive
C385,2026-01-09,ACTIVE
C1480,2026-02-01, Active 
C1100,2026-01-25, pending
C271,2026-02-01,ACTIVE
C748,2026-01-06,-999
C1352,2026-01-14,ACTIVE
C475,2026-01-04,?
C1296,2026-01-29,inactive
C897,2026-01-22,?
C112,11/02/2026, Active 
C1076,2026-01-16,ACTIVE
C368,26/01/2026, pending
C221,2026-02-08,-999
C678,03/02/2026,ACTIVE
C1063,2026-01-22,inactive
C84,17/01/2026,-999
C1294,2026-02-15,-999
C462,2026-01-04, pending
C405,2026-01-02,?
C543,2026-01-06,?
C325,2026-01-31,ACTIVE
C815,2026-01-30,?
C945,2026-01-20,inactive
C1120,?,-999
C1361,14/01/2026,ACTIVE
C282,2026-02-14,?
C99,22/01/2026, Active 
C256,2026-01-19,ACTIVE
C1219,16/01/2026,-999
C488,2026-02-07, pending
C1243,2026-01-13,inactive
C193,09/02/2026,-999
C1209,2026-01-07,inactive
C1211,2026-02-12,-999
C315,2026-01-16, Active 
C266,2026-02-11, Active 
C1448,03/01/2026,ACTIVE
C599,21/01/2026,ACTIVE
C611,?, pending
C114,2026-02-02,?
C324,2026-01-08, pending
C1057,26/01/2026,ACTIVE
C91,2026-01-24,inactive
C201,2026-02-05, Active 
C690,2026-01-11,ACTIVE
C755,2026-02-04, pending
C1102,26/01/2026,ACTIVE
C1261,2026-01-02,?
C1465,2026-01-14,?
C129,09/01/2026,ACTIVE
C1182,2026-01-21, pending
C1439,16/01/2026, pending
C1197,2026-01-07, Active 
C654,?,?
C804,2026-02-12,inactive
C1184,2026-02-07,-999
C795,2026-01-08, Active 
C1432,2026-01-05, Active 
C349,2026-02-14,ACTIVE
C155,2026-01-10, pending
C663,27/01/2026, Active 
C963,2026-02-02, Active 
C1235,2026-01-07, pending
C751,2026-02-03, Active 
C255,2026-02-04,inactive
C1010,2026-01-24,-999
C512,15/02/2026,inactive
C548,2026-02-03,ACTIVE
C922,2026-01-03, Active 
C732,03/01/2026, pending
C1425,2026-01-28,ACTIVE
C812,2026-01-31, Active 
C86,2026-01-08, pending
C851,2026-01-31,inactive
C187,31/01/2026,?
C39,2026-01-10, pending
C427,2026-02-02,inactive
C495,?,?
C352,2026-01-05, pending
C478,2026-01-12,?
C636,2026-01-10,inactive
C1344,2026-02-11,?
C1408,04/02/2026,inactive
C1062,2026-01-21,?
C1471,2026-02-13,ACTIVE
C962,2026-02-11,inactive
C1138,?, Active 
C1117,2026-01-28,-999
C1260,2026-01-15,-999
C1134,2026-01-11,ACTIVE
C1358,03/01/2026, Active 
C1229,16/01/2026,ACTIVE
C635,02/02/2026,ACTIVE
C1159,14/01/2026, Active 
C311,2026-02-11,ACTIVE
C1027,20/01/2026,ACTIVE
C789,2026-01-19, Active 
C1277,2026-02-03,-999
C357,2026-01-25,?
C1359,31/01/2026,?
C1213,2026-02-09,?
C743,2026-01-31, pending
C1002,2026-01-02,?
C1169,13/02/2026, pending
C778,2026-02-04,ACTIVE
C580,2026-01-13, pending
C1420,2026-02-10, pending
C1067,2026-01-16,inactive
C759,2026-01-20,ACTIVE
C1150,11/01/2026, Active 
C50,2026-01-05, pending
C333,2026-01-10,?
C1035,2026-01-05, pending
C161,2026-01-29,inactive
C777,01/02/2026, Active 
C493,06/02/2026,-999
C860,2026-01-29, Active 
C1173,2026-02-06,ACTIVE
C1274,2026-02-12, Active 
C518,09/02/2026,?
C788,2026-01-16,inactive
C1185,2026-01-19,inactive
C302,2026-01-11, Active 
C590,2026-01-14, Active 
C994,21/01/2026,ACTIVE
C923,2026-02-13,inactive
C598,2026-01-26,?
C1188,2026-01-12,inactive
C984,2026-02-13, pending
C872,2026-01-12, Active 
C453,2026-02-01,ACTIVE
C765,2026-01-07, Active 
C1031,15/01/2026,ACTIVE
C1135,26/01/2026,inactive
C978,11/01/2026,?
C15,2026-02-13,inactive
C422,2026-02-02,inactive
C918,2026-01-13,-999
C1416,2026-02-04,?
C798,2026-01-31,-999
C361,2026-01-14, Active 
C1376,2026-01-02, pending
C5,2026-01-08,?
C242,2026-01-01,ACTIVE
C1268,2026-02-12, pending
C159,2026-01-16,-999
C1263,2026-01-17, Active 
C569,20/01/2026, Active 
C782,?,-999
C216,19/01/2026,ACTIVE
C1091,?,ACTIVE
C917,2026-02-15, Active 
C773,2026-01-05, Active 
C491,15/01/2026,-999
C697,10/02/2026, Active 
C1118,2026-02-04,ACTIVE
C1171,2026-01-03,?
C708,2026-02-02,-999
C461,05/01/2026, Active 
C1081,2026-01-31, pending
C339,2026-01-19,?
C301,07/02/2026,-999
C507,2026-01-30,-999
C394,2026-01-10,?
C1016,02/02/2026,-999
C1302,28/01/2026,-999
C885,2026-02-10,ACTIVE
C1276,2026-01-28, pending
C199,2026-01-04,ACTIVE
C492,2026-01-23,-999
C90,01/02/2026,?
C571,2026-02-03,?
C529,2026-02-13, Active 
C939,2026-02-04,-999
C278,2026-01-12,inactive
C784,2026-02-04,ACTIVE
C1403,2026-02-11,?
C711,2026-01-31, pending
C434,?,?
C608,2026-01-22, Active 
C1464,22/01/2026,-999
C1429,16/01/2026,inactive
C1394,08/02/2026, Active 
C806,2026-01-21,ACTIVE
C1233,06/01/2026, Active 
C1174,2026-01-19,ACTIVE
C844,2026-01-08,ACTIVE
C1393,2026-01-17, Active 
C1132,2026-02-03,-999
C79,21/01/2026, pending
C902,2026-01-29,?
C1318,2026-01-04, pending
C226,2026-01-29,-999
C610,2026-01-11,-999
C869,2026-01-22,inactive
C489,2026-01-11,?
C1176,2026-01-02, pending
C616,09/02/2026,ACTIVE
C644,2026-02-04,-999
C1119,2026-01-25,?
C1282,2026-01-27, Active 
C979,22/01/2026,inactive
C919,2026-01-02,inactive
C997,2026-01-03,?
C225,12/01/2026,ACTIVE
C331,2026-01-19,-999
C915,03/02/2026,-999
C1452,2026-01-05,inactive
C1437,2026-01-29,inactive
C623,2026-02-14,?
C228,2026-01-28,?
C1020,10/02/2026,ACTIVE
C920,2026-01-21,?
C373,2026-02-07, Active 
C1262,?, Active 
C1038,2026-01-05,inactive
C995,2026-02-11,?
C897,2026-01-22,?
C877,2026-01-14,-999
C519,17/01/2026, pending
C55,2026-01-24,inactive
C33,2026-02-09, pending
C665,23/01/2026, pending
C1379,2026-02-10, pending
C391,2026-01-15, Active 
C134,2026-02-12,ACTIVE
C197,2026-01-26,inactive
C1073,23/01/2026, Active 
C1045,06/02/2026, Active 
C699,2026-01-07,-999
C682,2026-01-03, pending
C693,2026-01-11,-999
C1069,2026-01-11, Active 
C846,12/01/2026,-999
C1056,2026-01-24,ACTIVE
C1267,2026-01-06,inactive
C1348,2026-01-16, Active 
C687,04/02/2026,?
C1415,2026-02-05, Active 
C119,2026-01-01, Active 
C230,2026-01-11,inactive
C964,13/01/2026, Active 
C378,2026-01-12,-999
C740,2026-01-12, pending
C409,2026-02-03,-999
C171,05/02/2026, pending
C541,2026-02-08, pending
C834,31/01/2026,?
C182,2026-01-20, Active 
C17,03/01/2026,-999
C1370,2026-01-15,-999
C958,19/01/2026,ACTIVE
C1196,2026-01-27, Active 
C675,2026-02-05,inactive
C138,2026-01-01,-999
C1353,11/02/2026, pending
C102,2026-02-03, Active 
C677,2026-01-18,-999
C346,2026-01-03,?
C1075,2026-01-31,-999
C586,10/01/2026, Active 
C1170,2026-01-31, pending
C44,2026-01-24,ACTIVE
C1329,2026-02-05, Active 
C650,2026-02-05,ACTIVE
C54,2026-01-07, Active 
C118,2026-01-13, pending
C1187,07/01/2026,-999
C1424,2026-01-15,?
C525,2026-01-23, pending
C811,2026-02-12,-999
C1042,2026-02-13, pending
C252,2026-01-12,ACTIVE
C826,2026-01-23,-999
C356,2026-02-14,-999
C1074,2026-02-05,ACTIVE
C1307,2026-01-22,-999
C1066,29/01/2026,?
C874,2026-01-22, pending
C149,2026-01-22, pending
C326,2026-01-13,ACTIVE
C28,2026-01-02, Active 
C3,2026-02-10,ACTIVE
C274,11/02/2026, Active 
C263,2026-01-13, Active 
C889,2026-01-24, pending
C1313,07/01/2026,inactive
C969,2026-02-05, Active 
C1270,?,?
C1362,26/01/2026,inactive
C621,2026-01-31,?
C804,2026-02-12,inactive
C459,2026-01-05,?
C166,09/02/2026,?
C329,2026-02-03,-999
C1484,22/01/2026, Active 
C993,2026-02-13,ACTIVE
C1492,27/01/2026, Active 
C100,2026-01-29,?
C1245,2026-01-20,-999
C741,05/01/2026,inactive
C1205,2026-02-10,?
C1101,2026-01-14,-999
C455,2026-01-28,inactive
C236,2026-02-03,-999
C1400,2026-01-19,inactive
C768,2026-02-10,-999
C658,2026-01-03,?
C496,2026-01-11, pending
C303,06/02/2026,ACTIVE
C987,?, Active 
C1450,2026-02-14, pending
C1304,2026-01-29, Active 
C304,2026-01-05, Active 
C502,2026-02-06,-999
C835,2026-01-10,-999
C810,19/01/2026, Active 
C293,2026-01-23, pending
C652,2026-01-01,inactive
C723,2026-02-02,?
C935,2026-01-22,ACTIVE
C182,2026-01-20, Active 
C606,2026-01-04,ACTIVE
C793,2026-01-11,-999
C1122,18/01/2026, Active 
C1228,2026-01-29,-999
C785,2026-01-06, Active 
C523,2026-01-17,ACTIVE
C536,2026-01-08,ACTIVE
C101,2026-02-11,?
C960,13/02/2026,?
C1190,2026-02-13,ACTIVE
C617,2026-01-01, pending
C925,2026-02-08, Active 
C175,2026-02-10,ACTIVE
C950,06/01/2026,-999
C729,2026-02-04, pending
C27,?, pending
C218,2026-01-15,inactive
C900,2026-01-06,ACTIVE
C698,15/01/2026, Active 
C401,2026-01-26, pending
C1162,26/01/2026,?
C691,2026-01-05,?
C568,31/01/2026, pending
C624,04/01/2026, Active 
C198,2026-02-07, pending
C177,06/02/2026, pending
C1077,2026-02-02,-999
C1011,14/02/2026, Active 
C1248,2026-02-13,ACTIVE
C1398,2026-02-12,-999
C1380,2026-01-09, Active 
C452,04/02/2026, Active 
C428,2026-02-06,-999
C1115,2026-01-16, Active 
C137,2026-01-18,inactive
C1303,2026-01-03, pending
C619,2026-02-07, pending
C577,08/02/2026,ACTIVE
C1357,13/02/2026,inactive
C651,2026-01-07,inactive
C668,2026-01-22, pending
C157,10/01/2026,ACTIVE
C832,2026-01-26,-999
C1152,2026-01-05, pending
C390,2026-01-08, Active 
C1110,2026-01-31,-999
C818,2026-01-14, Active 
C88,15/01/2026,-999
C1112,2026-01-23, Active 
C209,17/01/2026,-999
C294,2026-01-19,ACTIVE
C1498,10/02/2026, pending
C96,2026-02-05, pending
C1400,2026-01-19,inactive
C1371,2026-01-09, Active 
C861,2026-02-10, pending
C241,2026-01-18,-999
C1453,2026-02-02,?
C591,2026-01-06,-999
C561,2026-02-02, pending
C716,2026-02-05, pending
C873,10/02/2026, pending
C1392,2026-01-19,?
C1221,2026-01-01,?
C354,?,-999
C760,2026-01-13,?
C1223,18/01/2026,-999
C955,2026-02-12,inactive
C631,2026-01-07,?
C12,2026-01-24,ACTIVE
C466,2026-01-29,inactive
C776,2026-02-09,inactive
C471,2026-02-12, Active 
C1123,2026-01-08, Active 
C205,2026-02-02, Active 
C991,2026-01-05,inactive
C1088,2026-01-23,inactive
C30,2026-01-11,ACTIVE
C1036,?,?
C1175,2026-01-02,ACTIVE
C408,2026-01-21,-999
C1164,2026-01-31,?
C878,2026-02-06,?
C1217,31/01/2026,ACTIVE
C178,06/01/2026, Active 
C14,2026-02-10,?
C882,04/01/2026,ACTIVE
C160,2026-01-18, pending
C660,2026-01-03,-999
C564,2026-01-20,inactive
C566,2026-02-09,ACTIVE
C1237,2026-02-09,?
C484,2026-01-16,-999
C10,?,?
C74,2026-01-05, pending
C446,2026-01-26,?
C1485,14/01/2026, Active 
C1172,02/01/2026,inactive
C1247,2026-01-21,inactive
C1048,2026-01-10,inactive
C31,2026-01-27,ACTIVE
C726,14/02/2026,ACTIVE
C1375,2026-01-28,ACTIVE
C313,2026-01-12, Active 
C1455,2026-01-08,ACTIVE
C53,13/01/2026,inactive
C403,2026-01-29, Active 
C1297,2026-01-20, Active 
C781,2026-01-23, Active 
C437,2026-01-26, pending
C1477,11/02/2026,?
C1252,2026-01-16,ACTIVE
C913,2026-01-12, pending
C321,2026-02-11,ACTIVE
C807,2026-01-08, Active 
C565,2026-02-07,?
C231,01/02/2026,-999
C733,2026-02-12, pending
C630,2026-01-24,inactive
C27,?, pending
C1276,2026-01-28, pending
C894,11/01/2026,ACTIVE
C632,02/01/2026,ACTIVE
C215,2026-01-01, Active 
C904,2026-01-20, pending
C451,2026-01-22,ACTIVE
C295,31/01/2026, Active 
C1363,2026-01-12,inactive
C835,2026-01-10,-999
C927,2026-01-03,-999
C111,2026-01-02,ACTIVE
C184,2026-01-28,-999
C13,05/02/2026,-999
C474,10/02/2026, Active 
C1207,2026-01-03, Active 
C322,2026-01-31, Active 
C983,2026-01-16, Active 
C975,2026-01-25,inactive
C656,2026-01-25,-999
C380,14/02/2026,ACTIVE
C746,2026-01-29, pending
C162,07/01/2026,inactive
C1179,2026-02-08,ACTIVE
C1085,2026-01-16,?
C1216,11/02/2026,-999
C6,2026-01-28,inactive
C528,2026-02-13, pending
C989,2026-02-13,-999
C123,2026-01-22,-999
C1368,2026-01-07,?
C1281,2026-01-12, Active 
C45,2026-01-04,?
C290,2026-01-21, pending
C685,2026-01-13, pending
C973,?, Active 
C1158,2026-02-14,inactive
C1206,2026-01-09,inactive
C1201,2026-01-29, pending
C1238,28/01/2026,inactive
C355,10/01/2026,?
C1145,2026-01-28, Active 
C358,?,-999
C414,2026-01-21,inactive
C1489,?,?
C384,?,inactive
C1058,2026-01-15, Active 
C1107,02/02/2026,ACTIVE
C802,05/01/2026,?
C1346,2026-02-15,inactive
C535,2026-02-01, pending
C1092,29/01/2026, Active 
C703,11/01/2026, pending
C1030,?,inactive
C547,2026-01-25,?
C1350,14/01/2026,ACTIVE
C257,06/01/2026,ACTIVE
C1442,25/01/2026,-999
C1127,2026-02-14,-999
C128,2026-02-14,ACTIVE
C188,2026-01-31, Active 
C901,?,?
C648,2026-01-31, Active 
C744,21/01/2026,?
C141,25/01/2026,inactive
C1495,2026-02-15,inactive
C1390,09/02/2026, Active 
C1241,2026-02-07, pending
C549,02/01/2026,inactive
C25,19/01/2026,-999
C292,2026-01-16, Active 
C65,01/02/2026, Active 
C1289,?,-999
C647,2026-02-11,inactive
C1264,2026-01-25,?
C327,2026-01-14,-999
C488,2026-02-07, pending
C113,2026-01-16,ACTIVE
C794,13/02/2026, pending
C264,2026-01-30,ACTIVE
C1239,02/02/2026, Active 
C57,05/02/2026,inactive
C696,2026-01-09, Active 
C1287,2026-02-05,ACTIVE
C1183,2026-01-01,ACTIVE
C1157,12/02/2026,ACTIVE
C1345,2026-01-29,-999
C906,2026-01-31,?
C683,14/01/2026,-999
C22,2026-01-20, Active 
C1312,2026-01-30,ACTIVE
C720,2026-01-01, Active 
C287,2026-01-12,ACTIVE
C1355,23/01/2026, pending
C1037,2026-02-14,-999
C1148,2026-01-30,?
C1146,25/01/2026, Active 
C1072,2026-01-11, Active 
C1385,2026-02-02, Active 
C737,2026-01-12, pending
C1154,24/01/2026,inactive
C337,2026-01-15,ACTIVE
C941,2026-01-27, pending
C116,2026-01-24,inactive
C511,15/02/2026, pending
C163,30/01/2026,?
C1114,2026-01-13,inactive
C903,27/01/2026,inactive
C1291,11/02/2026, Active 
C604,2026-02-07,?
C82,2026-02-03,-999
C974,2026-01-28, pending
C499,2026-01-19,?
C761,2026-02-07,-999
C1256,2026-01-14,ACTIVE
C715,2026-02-04,ACTIVE
C399,2026-01-19, Active 
C1386,2026-02-01,inactive
C1330,2026-01-13,?
C1023,2026-02-13,-999
C582,10/02/2026, Active 
C864,2026-02-03,ACTIVE
C1444,2026-02-06, pending
C1426,04/01/2026, Active 
C666,2026-01-31, pending
C147,?, pending
C883,2026-02-04,ACTIVE
C1018,11/02/2026, pending
C1383,2026-01-04,ACTIVE
C1044,2026-01-07, pending
C1315,2026-01-05,ACTIVE
C1446,2026-01-31,ACTIVE
C1156,2026-02-08,?
C246,2026-01-21,ACTIVE
C267,2026-01-15, Active 
C64,2026-02-15,-999
C1497,2026-01-02, pending
C1490,25/01/2026,ACTIVE
C657,08/02/2026,ACTIVE
C517,2026-01-30,?
C1230,08/01/2026,?
C999,2026-01-19, Active 
C165,2026-02-04, Active 
C1356,30/01/2026,inactive
C1109,07/01/2026,inactive
C104,2026-01-30, Active 
C1428,2026-01-14,ACTIVE
C509,2026-01-29, pending
C435,2026-02-13, pending
C996,10/02/2026,-999
C1103,2026-01-31,?
C866,25/01/2026,?
C909,2026-02-01,-999
C1418,2026-02-04,-999
C836,2026-01-24,-999
C359,2026-02-03,ACTIVE
C139,2026-01-04,ACTIVE
C300,20/01/2026,ACTIVE
C1004,2026-01-22,-999
C383,18/01/2026,-999
C942,2026-01-11,-999
C1257,2026-01-24,-999
C762,08/02/2026,inactive
C1366,2026-01-29, pending
C1367,?,?
C1309,02/01/2026, pending
C1340,2026-01-15, pending
C365,09/01/2026,-999
C674,09/02/2026,inactive
C305,2026-01-30,?
C1093,2026-02-06,-999
C1335,2026-01-18,inactive
C1008,2026-01-11,-999
C109,2026-02-10, Active 
C638,21/01/2026, Active 
C1317,2026-01-29,inactive
C59,09/01/2026, pending
C77,2026-01-18,inactive
C797,2026-02-05,?
C369,2026-01-31, Active 
C1412,03/02/2026, Active 
C786,2026-02-07,?
C1389,2026-01-02,-999
C1283,10/01/2026,?
C1316,2026-01-07,-999
C1411,10/01/2026, pending
C170,2026-01-22, pending
C1140,2026-01-11,-999
C122,2026-02-08, Active 
C1218,05/02/2026, Active 
C542,12/01/2026,?
C245,2026-02-07, pending
C911,2026-02-15,?
C125,2026-02-11,ACTIVE
C1331,2026-02-11,ACTIVE
C448,20/01/2026, pending
C363,?,?
C557,?,-999
C75,?,-999
C443,2026-01-22,-999
C926,2026-01-02,-999
C1427,2026-01-29,-999
C1055,2026-02-07,?
C1161,13/01/2026,-999
C1467,2026-02-09,inactive
C325,2026-01-31,ACTIVE
C576,2026-01-05, Active 
C1265,15/02/2026,ACTIVE
C1251,2026-01-01, Active 
C395,2026-01-24,inactive
C126,?, pending
C1007,07/02/2026,ACTIVE
C914,2026-01-14,inactive
C1305,2026-02-10,inactive
C833,24/01/2026, pending
C421,2026-02-13,-999
C7,2026-01-28,ACTIVE
C933,19/01/2026, Active 
C440,2026-01-06,-999
C765,2026-01-07, Active 
C1203,2026-01-11, pending
C672,2026-01-05,-999
C560,05/01/2026, Active 
C1433,2026-01-11,?
C360,19/01/2026, pending
C23,09/01/2026, pending
C1360,2026-02-14, pending
C1246,21/01/2026,inactive
C847,2026-01-24, pending
C195,2026-01-19, Active 
C1054,2026-01-24, pending
C73,04/02/2026,inactive
C375,2026-01-16,inactive
C611,?, pending
C1220,2026-01-22,?
C1131,2026-01-09,-999
C277,2026-01-29, Active 
C921,08/01/2026,ACTIVE
C223,02/01/2026, Active 
C1332,07/01/2026,ACTIVE
C1266,2026-02-12,-999
C574,2026-01-08,inactive
C1445,?,-999
C235,2026-02-13, Active 
C419,03/02/2026,-999
C1324,2026-01-03, Active 
C1105,2026-02-02,?
C258,2026-01-13, pending
C296,2026-01-16, pending
C1111,03/01/2026, pending
C629,2026-01-16,-999
C667,2026-02-10,-999
C1413,?,-999
C1402,?,?
C771,2026-01-12,?
C713,2026-02-08, pending
C1142,09/02/2026, pending
C563,20/01/2026,?
C1391,2026-01-04,inactive
C910,09/02/2026, Active 
C450,?,-999
C202,13/01/2026, pending
C105,2026-01-21, Active 
C959,2026-01-31, Active 
C1336,2026-02-03,ACTIVE
C655,?,?
C1308,2026-01-21,ACTIVE
C1137,2026-01-07,?
C1108,2026-02-08,-999
C1349,02/01/2026,?
C412,2026-02-02, pending
C1454,2026-02-01,?
C594,11/02/2026,-999
C420,2026-01-06,?
C639,?,inactive
C1488,25/01/2026, Active 
C850,2026-02-02,inactive
C727,14/01/2026, Active 
C431,2026-02-14, pending
C1005,2026-01-06, pending
C1306,26/01/2026,-999
C859,01/02/2026,-999
C1177,13/02/2026, pending
C520,16/01/2026,inactive
C1334,19/01/2026, pending
C103,2026-01-08, Active 
C1258,2026-02-14, Active 
C445,2026-01-31, pending
C1479,2026-01-04,inactive
C957,2026-01-23,ACTIVE
C456,2026-01-20,inactive
C584,2026-01-09,?
C19,?,inactive
C1192,2026-01-02,inactive
C1410,03/02/2026,inactive
C127,17/01/2026,-999
C907,2026-02-02,-999
C1322,06/02/2026,?
C397,2026-02-02,ACTIVE
C1065,12/02/2026,inactive
C183,2026-02-15,ACTIVE
C819,15/02/2026, Active 
C1373,?,?
C553,25/01/2026,?
C817,2026-02-15,-999
C233,31/01/2026,ACTIVE
C382,2026-02-07,inactive
C618,03/02/2026, Active 
C318,2026-02-03,-999
C704,2026-01-14,?
C341,2026-01-12, Active 
C602,2026-02-03, pending
C865,14/02/2026, Active 
C892,2026-01-09,ACTIVE
C404,2026-01-17, pending
C555,?,inactive
C1160,2026-01-19,-999
C1214,2026-01-09,-999
C1397,2026-01-06,ACTIVE
C49,?, Active 
C998,?, Active 
C1462,2026-01-28,inactive
C653,?,?
C749,06/02/2026, Active 
C1381,15/01/2026,inactive
C867,2026-01-07,?
C753,2026-01-02, pending
C93,2026-01-17,inactive
C441,14/02/2026,?
C362,2026-02-15,?
C1027,20/01/2026,ACTIVE
C730,2026-01-20,inactive
C262,11/01/2026,inactive
C780,30/01/2026,inactive
C573,2026-01-29, pending
C214,17/01/2026, Active 
C1111,03/01/2026, pending
C951,10/02/2026,ACTIVE
C347,2026-02-01,ACTIVE
C1475,2026-01-10,-999
C194,09/02/2026,?
C854,2026-02-15,ACTIVE
C579,2026-01-14,ACTIVE
C76,2026-01-03,?
C772,2026-02-08,?
C540,2026-01-14,ACTIVE
C348,2026-01-03, pending
C132,2026-01-07,?
C179,02/02/2026,-999
C505,2026-02-02,inactive
C1456,2026-01-04,ACTIVE
C232,2026-01-22, pending
C406,2026-01-27, pending
C605,2026-01-07, Active 
C1343,23/01/2026,-999
C26,2026-02-10,?
C659,2026-01-03, Active 
C527,2026-01-03,ACTIVE
C91,2026-01-24,inactive
C174,21/01/2026,-999
C438,2026-01-05,?
C332,2026-01-27,-999
C343,06/01/2026, Active 
C1032,01/01/2026,inactive
C1089,09/02/2026, pending
C480,2026-02-02, pending
C728,2026-01-12,ACTIVE
C482,2026-01-10,ACTIVE
C977,05/01/2026, Active 
C1323,2026-01-16, Active 
C1225,15/01/2026,-999
C1167,2026-02-07,?
C1300,2026-02-14,inactive
C661,15/02/2026, pending
C494,21/01/2026, pending
C96,2026-02-05, pending
C1059,08/01/2026,-999
C475,2026-01-04,?
C432,2026-01-20,?
C944,2026-01-20,?
C1086,07/01/2026,ACTIVE
C477,2026-01-01,-999
C1482,2026-02-04,inactive
C695,2026-01-19, pending
C1279,2026-01-30, pending
C1151,2026-02-01,-999
C514,2026-02-08,ACTIVE
C988,2026-02-03,?
C68,2026-01-30, pending
C1438,2026-02-11,?
C222,2026-01-13,?
C334,2026-01-26,ACTIVE
C412,2026-02-02, pending
C821,2026-02-06, pending
C1227,2026-01-02, Active 
C89,2026-02-15,?
C820,2026-01-05,inactive
C673,2026-02-03,ACTIVE
C320,2026-01-28, pending
C1461,2026-02-12,-999
C286,2026-01-25, Active 
C465,2026-01-15,inactive
C1417,2026-01-19, Active 
C676,?,ACTIVE
C934,2026-01-02, Active 
C1144,10/02/2026,-999
C398,2026-02-09,inactive
C1204,2026-02-04,?
C1436,09/02/2026, Active 
C787,20/01/2026, Active 
C633,15/01/2026,?
C763,2026-01-07,ACTIVE
C1097,2026-01-03, Active 
C1087,2026-01-22, Active 
C1351,2026-01-02,?
C173,11/02/2026,-999
C980,2026-01-04, pending
C284,26/01/2026,ACTIVE
C1299,2026-01-03,ACTIVE
C899,04/01/2026,ACTIVE
C947,2026-01-06,ACTIVE
C83,07/02/2026, pending
C662,2026-02-04, Active 
C614,10/01/2026,?
C154,08/01/2026,?
C270,?,inactive
C856,2026-02-07,inactive
C424,21/01/2026,-999
C281,28/01/2026, pending
C596,2026-01-23, Active 
C702,03/01/2026,inactive
C840,2026-01-09,?
C501,02/01/2026, Active 
C612,2026-02-15,ACTIVE
C142,2026-02-13,inactive
C550,2026-01-15,ACTIVE
C558,15/01/2026,inactive
C888,2026-01-22,-999
C1378,2026-02-07,-999
C407,2026-01-17, Active 
C219,11/02/2026,inactive
C1275,2026-01-13, Active 
C1459,2026-02-05,ACTIVE
C1139,01/01/2026, pending
C210,2026-01-14,inactive
C1231,12/02/2026, Active 
C845,2026-01-07,ACTIVE
C393,?,-999
C551,03/02/2026, Active 
C460,2026-02-15,-999
C1326,2026-01-28,ACTIVE
C949,2026-01-02,ACTIVE
C1337,2026-02-01,-999
C1463,16/01/2026,-999
C533,2026-01-25,ACTIVE
C1215,10/01/2026, Active 
C143,2026-01-31, pending
C442,2026-01-15, pending
C516,2026-01-30, Active 
C191,10/01/2026,ACTIVE
C640,15/02/2026,inactive
C855,15/02/2026,ACTIVE
C968,2026-02-15, pending
C1,2026-02-07, pending
C124,2026-01-31,?
C201,2026-02-05, Active 
C454,2026-01-24, pending
C1071,2026-01-05, Active 
C1443,2026-02-08,inactive
C248,2026-02-07,?
C936,03/02/2026,?
C483,2026-02-07,?
C1090,2026-01-21,ACTIVE
C272,2026-02-13, pending
C893,2026-01-18,ACTIVE
C724,19/01/2026,-999
C289,2026-01-20,ACTIVE
C931,2026-02-03,inactive
C862,2026-01-08,-999
C620,2026-01-25,ACTIVE
C837,2026-02-01,ACTIVE
C273,2026-02-14,inactive
C896,2026-02-01,inactive
C1200,2026-01-24, pending
C279,03/01/2026, Active 
C953,2026-01-01,?
C1099,2026-01-14,-999
C1338,2026-01-06,-999
C338,?,inactive
C1454,2026-02-01,?
C996,10/02/2026,-999
C41,2026-01-21, Active 
C546,2026-02-05,inactive
C981,04/02/2026,-999
C190,2026-02-07,-999
C1242,?, Active 
C156,2026-01-01,?
C1301,27/01/2026,inactive
C986,2026-02-12,inactive
C558,15/01/2026,inactive
C588,2026-01-01, Active 
C1155,16/01/2026,inactive
C982,11/01/2026,inactive
C1250,2026-01-15,ACTIVE
C725,?,-999
C457,2026-02-12,?
C1388,2026-02-01, Active 
C943,17/01/2026,inactive
C1419,2026-01-18,inactive
C1401,2026-01-05,inactive
C211,08/01/2026,ACTIVE
C646,2026-01-16,?
C1458,2026-01-09, Active 
C1396,17/01/2026,-999
C265,2026-02-14, pending
C701,2026-01-02,-999
C444,2026-01-12,ACTIVE
C645,?,-999
C1022,2026-01-10,-999
C1406,22/01/2026,ACTIVE
C930,?, Active 
C196,2026-01-09,ACTIVE
C353,2026-01-03, pending
C131,2026-01-10,ACTIVE
C247,2026-02-04,-999
C1126,03/02/2026,inactive
C924,2026-01-14, Active 
C1284,2026-02-14,-999
C1186,2026-01-20,-999
C269,08/01/2026,-999
C670,?,?
C1013,2026-01-26,ACTIVE
C1133,2026-01-27,ACTIVE
C575,27/01/2026,?
C1496,2026-01-02,?
C1040,11/02/2026, pending
C814,2026-01-13,?
C649,2026-02-04,inactive
C544,29/01/2026, pending
C366,2026-02-08,?
C966,2026-01-10,inactive
C990,11/01/2026, pending
C260,2026-01-29, Active 
C1493,17/01/2026,ACTIVE
C688,17/01/2026, Active 
C928,2026-01-31,ACTIVE
C613,08/02/2026,inactive
C1024,2026-01-18, Active 
C1015,21/01/2026, pending
C1153,02/01/2026,-999
C220,12/01/2026, pending
C929,2026-02-12,?
C486,2026-01-26,?
C40,2026-01-14, pending
C283,2026-01-31,?
C259,2026-02-06, pending
C877,2026-01-14,-999
C387,?,inactive
C848,2026-01-06,inactive
C775,2026-01-31, Active 
C386,2026-01-30,inactive
C1292,?,?
C1478,2026-01-23,ACTIVE
C468,11/01/2026,inactive
C828,16/01/2026,ACTIVE
C554,2026-01-19,inactive
C1234,2026-01-23,inactive
C1128,05/02/2026,?
C238,27/01/2026, pending
C559,2026-01-03,ACTIVE
C905,11/01/2026,inactive
C567,2026-01-15,?
C1096,29/01/2026,ACTIVE
C485,16/01/2026, Active 
C164,2026-01-04,-999
C1321,08/02/2026,inactive
C476,2026-01-20,?
C508,2026-01-22,?
C8,2026-02-08,ACTIVE
C268,02/02/2026,inactive
C504,2026-01-06,?
C779,2026-01-24,?
C307,?,-999
C709,2026-01-12,?
C1451,13/01/2026,ACTIVE
C1202,11/02/2026, pending
C379,2026-01-03,inactive
C601,13/02/2026, Active 
C1460,01/02/2026,ACTIVE
C679,2026-01-19,?
C774,2026-02-07,-999
C227,2026-01-22,inactive
C1012,17/01/2026,ACTIVE
C1121,?, Active 
C1068,2026-01-28, pending
C1278,21/01/2026,-999
C66,2026-01-12, pending
C447,30/01/2026,inactive
C881,2026-01-02,-999
C1050,2026-01-18,-999
C58,2026-01-24, pending
C680,2026-01-08,?
C1001,2026-01-12,-999
C1405,08/02/2026,?
