order_id,user_id,revenue,priority
10001,C1,3321.72,Low
10002,C2,"$3,658.71",Low
10003,C3,"$3,876.94",Low
10004,C4,"$3,136.30",Medium
10005,C5,"$2,601.33",Medium
10006,C6,1090.12,Low
10007,C7,"$4,865.82",High
10008,C8,"$2,483.35",Low
10009,C9,NaN,Medium
10010,C10,3591.81,Low
10011,C11,3884.67,Medium
10012,C12,262.55,Medium
10013,C13,3722.78,Medium
10014,C14,"$4,126.53",Low
10015,C15,"$1,219.16",Medium
10016,C16,"$2,520.78",Medium
10017,C17,"$1,734.94",Low
10018,C18,$397.63,Medium
10019,C19,"$4,004.32",Low
10020,C20,3440.39,Medium
10021,C21,3280.32,High
10022,C22,"$3,493.14",High
10023,C23,NaN,Medium
10024,C24,1673.53,High
10025,C25,156.73,Low
10026,C26,1129.96,High
10027,C27,$981.49,Medium
10028,C28,"$3,513.81",Medium
10029,C29,"$2,823.61",Low
10030,C30,1236.75,Medium
10031,C31,NaN,Low
10032,C32,3418.13,High
10033,C33,"$2,908.58",High
10034,C34,1769.66,Low
10035,C35,3306.9,Low
10036,C36,"$3,160.01",Medium
10037,C37,382.4,High
10038,C38,4324.17,Low
10039,C39,"$1,097.69",High
10040,C40,1790.63,Low
10041,C41,1996.42,High
10042,C42,"$4,198.68",Medium
10043,C43,$747.52,High
10044,C44,"$4,283.75",High
10045,C45,$494.00,High
10046,C46,2291.21,High
10047,C47,2675.14,High
10048,C48,4040.6,Medium
10049,C49,4995.55,Low
10050,C50,"$2,740.06",High
10051,C51,"$4,739.58",Medium
10052,C52,"$3,903.11",High
10053,C53,"$3,053.79",High
10054,C54,909.82,Low
10055,C55,3232.82,High
10056,C56,2366.31,Medium
10057,C57,"$2,710.80",Medium
10058,C58,716.67,Low
10059,C59,3279.28,High
10060,C60,1174.47,Medium
10061,C61,"$3,393.90",High
10062,C62,$700.79,High
10063,C63,"$4,773.21",High
10064,C64,295.82,Low
10065,C65,1528.17,High
10066,C66,1093.38,Medium
10067,C67,3525.08,High
10068,C68,"$4,802.24",Medium
10069,C69,4746.76,High
10070,C70,"$1,007.80",Medium
10071,C71,"$3,435.01",Medium
10072,C72,3996.17,High
10073,C73,268.55,High
10074,C74,639.08,Medium
10075,C75,59.39,Low
10076,C76,"$4,070.51",High
10077,C77,1979.78,Low
10078,C78,1740.11,High
10079,C79,2942.33,High
10080,C80,999.77,High
10081,C81,4099.65,High
10082,C82,3085.21,Low
10083,C83,4875.74,High
10084,C84,"$4,294.82",Medium
10085,C85,$875.66,Medium
10086,C86,"$4,148.10",Low
10087,C87,4845.86,High
10088,C88,1662.98,Medium
10089,C89,"$2,864.45",Low
10090,C90,$943.39,High
10091,C91,4845.52,Medium
10092,C92,635.15,Medium
10093,C93,"$1,416.37",Low
10094,C94,4502.51,High
10095,C95,2861.31,High
10096,C96,"$2,103.09",Medium
10097,C97,NaN,Medium
10098,C98,2592.95,Medium
10099,C99,$521.11,High
10100,C100,NaN,Low
10101,C101,322.57,Low
10102,C102,3455.56,High
10103,C103,4962.39,Low
10104,C104,"$2,047.56",Medium
10105,C105,3343.14,Low
10106,C106,1034.18,Low
10107,C107,"$1,272.58",Low
10108,C108,2227.94,Medium
10109,C109,"$1,177.80",High
10110,C110,1498.9,Medium
10111,C111,2761.2,High
10112,C112,4842.18,High
10113,C113,4250.31,High
10114,C114,$956.35,Low
10115,C115,1218.9,Low
10116,C116,"$1,451.35",High
10117,C117,"$3,971.73",High
10118,C118,4043.86,Low
10119,C119,367.49,Medium
10120,C120,$15.29,High
10121,C121,991.07,Medium
10122,C122,"$2,920.82",Low
10123,C123,"$4,673.46",High
10124,C124,1022.28,Medium
10125,C125,2293.11,Medium
10126,C126,$808.75,Medium
10127,C127,"$3,899.93",Low
10128,C128,520.27,Low
10129,C129,1905.6,Medium
10130,C130,1697.66,Medium
10131,C131,"$3,383.90",Low
10132,C132,4656.5,Medium
10133,C133,2025.06,Medium
10134,C134,1145.48,Low
10135,C135,4344.59,Medium
10136,C136,4531.98,Medium
10137,C137,"$1,112.65",Medium
10138,C138,"$4,178.83",Low
10139,C139,1049.39,Medium
10140,C140,"$4,825.02",Low
10141,C141,2306.6,Low
10142,C142,4652.7,High
10143,C143,"$3,152.27",High
10144,C144,"$2,564.72",Medium
10145,C145,4093.11,Low
10146,C146,"$3,549.88",High
10147,C147,213.36,Medium
10148,C148,"$4,686.94",High
10149,C149,"$2,801.00",High
10150,C150,"$4,106.85",Low
10151,C151,4567.77,Low
10152,C152,2241.43,High
10153,C153,691.07,High
10154,C154,48.78,Low
10155,C155,3625.38,Medium
10156,C156,"$3,331.69",Low
10157,C157,1644.53,High
10158,C158,"$2,640.90",Medium
10159,C159,"$4,119.11",High
10160,C160,4574.84,Medium
10161,C161,4647.24,High
10162,C162,4143.0,Medium
10163,C163,$613.93,Medium
10164,C164,1090.84,High
10165,C165,NaN,Medium
10166,C166,4617.05,Low
10167,C167,1821.54,High
10168,C168,"$3,033.68",Low
10169,C169,"$2,156.34",High
10170,C170,845.29,Medium
10171,C171,1313.09,Medium
10172,C172,3622.58,Medium
10173,C173,"$2,908.37",High
10174,C174,"$2,049.11",Low
10175,C175,NaN,Low
10176,C176,2143.39,High
10177,C177,2178.07,High
10178,C178,1524.49,Low
10179,C179,3197.21,Low
10180,C180,$608.18,Low
10181,C181,773.92,Low
10182,C182,1451.24,High
10183,C183,"$2,762.71",High
10184,C184,"$1,679.20",Medium
10185,C185,4757.78,Low
10186,C186,656.4,Medium
10187,C187,2791.58,High
10188,C188,"$3,680.14",High
10189,C189,2735.5,Medium
10190,C190,NaN,Low
10191,C191,NaN,Low
10192,C192,838.9,Low
10193,C193,219.95,Low
10194,C194,"$4,891.59",Medium
10195,C195,2738.4,Medium
10196,C196,374.04,High
10197,C197,$350.52,Low
10198,C198,3833.42,Low
10199,C199,"$4,744.72",Low
10200,C200,4529.14,Medium
10201,C201,"$3,950.85",Low
10202,C202,443.32,Medium
10203,C203,$339.04,Low
10204,C204,3469.77,Low
10205,C205,2521.25,High
10206,C206,4359.08,Low
10207,C207,1475.68,Low
10208,C208,$795.78,High
10209,C209,"$3,654.85",Medium
10210,C210,"$4,321.00",Medium
10211,C211,3454.46,Low
10212,C212,1714.85,Medium
10213,C213,4801.27,Low
10214,C214,$458.76,High
10215,C215,"$4,877.01",High
10216,C216,"$2,528.67",Low
10217,C217,"$2,636.84",High
10218,C218,3537.14,High
10219,C219,"$4,582.02",Low
10220,C220,"$4,365.99",Low
10221,C221,"$3,512.60",High
10222,C222,2181.88,Medium
10223,C223,1357.74,Medium
10224,C224,887.34,Low
10225,C225,2720.55,Low
10226,C226,1477.42,Medium
10227,C227,"$1,240.26",High
10228,C228,$211.43,Medium
10229,C229,2054.69,Medium
10230,C230,"$3,351.51",Medium
10231,C231,"$2,004.26",Medium
10232,C232,"$3,734.94",Low
10233,C233,"$3,986.57",Low
10234,C234,2017.85,High
10235,C235,4468.36,High
10236,C236,355.8,High
10237,C237,91.08,High
10238,C238,"$1,693.15",Medium
10239,C239,"$3,583.69",Low
10240,C240,2434.82,Low
10241,C241,47.24,High
10242,C242,3559.51,High
10243,C243,"$3,659.36",Medium
10244,C244,650.15,Medium
10245,C245,4062.06,High
10246,C246,"$1,575.22",Low
10247,C247,1820.43,Low
10248,C248,"$4,982.35",Low
10249,C249,3511.04,High
10250,C250,"$3,675.03",Low
10251,C251,922.65,Medium
10252,C252,3044.52,Medium
10253,C253,1675.31,High
10254,C254,4327.61,Medium
10255,C255,2917.51,High
10256,C256,3407.69,Low
10257,C257,1643.1,Low
10258,C258,"$2,672.57",Low
10259,C259,1610.55,Medium
10260,C260,"$4,464.27",High
10261,C261,2923.27,Low
10262,C262,1029.84,High
10263,C263,2523.58,Low
10264,C264,NaN,Medium
10265,C265,"$4,081.77",Medium
10266,C266,993.29,High
10267,C267,4415.66,Medium
10268,C268,"$4,501.97",Medium
10269,C269,4322.24,High
10270,C270,$956.99,Low
10271,C271,1162.68,Medium
10272,C272,"$4,861.29",High
10273,C273,3995.48,Medium
10274,C274,"$3,046.74",Medium
10275,C275,"$4,793.10",Medium
10276,C276,163.85,Medium
10277,C277,"$4,062.88",High
10278,C278,NaN,High
10279,C279,3860.69,High
10280,C280,"$3,554.59",Medium
10281,C281,"$1,714.13",Medium
10282,C282,NaN,Medium
10283,C283,"$3,056.50",High
10284,C284,"$1,050.14",Medium
10285,C285,$757.61,Low
10286,C286,"$1,552.38",Medium
10287,C287,4801.48,Low
10288,C288,"$2,397.87",Medium
10289,C289,834.55,High
10290,C290,982.15,Medium
10291,C291,942.96,Low
10292,C292,$80.59,Low
10293,C293,2898.99,Medium
10294,C294,2659.14,Low
10295,C295,481.73,Low
10296,C296,$616.16,High
10297,C297,"$4,980.06",Medium
10298,C298,1103.69,Medium
10299,C299,"$1,004.46",Medium
10300,C300,"$4,715.15",Low
10301,C301,2089.02,Medium
10302,C302,"$3,810.34",Medium
10303,C303,"$4,481.15",High
10304,C304,$518.75,High
10305,C305,"$3,721.74",High
10306,C306,"$4,577.36",Low
10307,C307,850.79,Medium
10308,C308,"$3,799.54",High
10309,C309,"$3,668.95",High
10310,C310,611.81,High
10311,C311,"$4,738.90",Medium
10312,C312,NaN,Medium
10313,C313,745.53,Medium
10314,C314,$208.24,Low
10315,C315,2968.98,Low
10316,C316,$843.35,High
10317,C317,"$3,342.45",Medium
10318,C318,"$2,059.26",High
10319,C319,"$2,239.86",Medium
10320,C320,2988.7,Medium
10321,C321,"$4,694.44",Medium
10322,C322,2711.62,Low
10323,C323,2489.13,Low
10324,C324,"$3,131.51",Medium
10325,C325,"$1,606.25",High
10326,C326,230.37,Medium
10327,C327,876.2,Medium
10328,C328,4629.9,High
10329,C329,$891.92,Medium
10330,C330,1073.47,High
10331,C331,"$4,547.44",Low
10332,C332,"$4,488.58",Low
10333,C333,937.3,High
10334,C334,"$3,317.69",Low
10335,C335,4143.53,Low
10336,C336,962.54,High
10337,C337,"$4,621.19",Low
10338,C338,2037.08,Medium
10339,C339,"$2,343.81",Medium
10340,C340,"$2,084.10",High
10341,C341,"$2,063.61",Low
10342,C342,"$4,060.65",Medium
10343,C343,1264.55,Medium
10344,C344,"$3,508.88",Low
10345,C345,2658.49,Low
10346,C346,"$4,736.14",Medium
10347,C347,$289.39,Medium
10348,C348,$708.96,High
10349,C349,3884.48,High
10350,C350,NaN,Medium
10351,C351,"$4,741.95",High
10352,C352,2188.02,Medium
10353,C353,2257.72,Medium
10354,C354,4226.87,High
10355,C355,1120.31,High
10356,C356,"$4,546.98",Low
10357,C357,"$2,067.27",Low
10358,C358,1671.51,Low
10359,C359,"$4,691.22",Medium
10360,C360,1610.01,High
10361,C361,"$3,387.52",Medium
10362,C362,590.41,High
10363,C363,NaN,Medium
10364,C364,"$3,748.91",Low
10365,C365,NaN,Low
10366,C366,826.64,Low
10367,C367,"$4,836.95",Medium
10368,C368,$796.42,High
10369,C369,1476.86,High
10370,C370,"$2,295.26",Low
10371,C371,530.17,Low
10372,C372,"$1,261.07",Low
10373,C373,3523.57,Low
10374,C374,"$1,526.40",High
10375,C375,"$4,964.17",Medium
10376,C376,NaN,Medium
10377,C377,$346.51,Medium
10378,C378,3969.35,Medium
10379,C379,"$4,457.16",Low
10380,C380,3214.0,Low
10381,C381,"$3,245.74",Low
10382,C382,"$4,955.82",Medium
10383,C383,1886.92,Low
10384,C384,329.3,Low
10385,C385,NaN,High
10386,C386,1261.56,High
10387,C387,$428.36,Low
10388,C388,"$3,336.49",High
10389,C389,"$4,724.24",High
10390,C390,$607.81,Low
10391,C391,"$3,939.76",Low
10392,C392,2905.48,Low
10393,C393,1764.77,Low
10394,C394,"$4,318.55",Medium
10395,C395,4166.09,Medium
10396,C396,"$1,976.13",Low
10397,C397,"$2,009.97",High
10398,C398,$468.12,Low
10399,C399,1286.87,Low
10400,C400,1569.31,High
10401,C401,"$4,031.47",Medium
10402,C402,"$2,362.34",Low
10403,C403,4924.69,Low
10404,C404,"$2,365.64",Medium
10405,C405,$437.76,Medium
10406,C406,4489.37,High
10407,C407,"$1,793.50",Medium
10408,C408,4160.22,Medium
10409,C409,NaN,Medium
10410,C410,"$2,703.37",High
10411,C411,"$2,391.28",Medium
10412,C412,2407.26,Medium
10413,C413,3452.06,High
10414,C414,1388.65,Medium
10415,C415,"$4,910.24",Medium
10416,C416,4168.73,High
10417,C417,3272.31,Low
10418,C418,"$2,544.38",High
10419,C419,"$3,177.11",Medium
10420,C420,3209.26,Medium
10421,C421,"$4,093.68",Medium
10422,C422,3570.97,High
10423,C423,3601.66,Medium
10424,C424,2798.64,Medium
10425,C425,$897.71,High
10426,C426,$23.34,Low
10427,C427,4078.07,Low
10428,C428,"$3,036.18",Medium
10429,C429,60.4,High
10430,C430,3538.41,Medium
10431,C431,1275.43,High
10432,C432,"$3,620.67",High
10433,C433,NaN,Low
10434,C434,4977.32,Low
10435,C435,$497.05,High
10436,C436,"$4,283.89",Medium
10437,C437,$634.40,Low
10438,C438,1766.72,Medium
10439,C439,"$4,678.92",Low
10440,C440,$81.10,Low
10441,C441,"$1,921.42",Medium
10442,C442,$158.70,Low
10443,C443,NaN,Low
10444,C444,3894.93,Medium
10445,C445,1808.07,Low
10446,C446,1967.78,Low
10447,C447,"$2,693.04",Low
10448,C448,"$2,786.25",Medium
10449,C449,"$1,741.64",High
10450,C450,4789.41,Medium
10451,C451,"$3,536.95",High
10452,C452,$415.10,Low
10453,C453,567.21,High
10454,C454,$468.58,Medium
10455,C455,658.24,Medium
10456,C456,"$2,194.03",Low
10457,C457,"$3,530.44",High
10458,C458,"$1,453.26",Low
10459,C459,4980.31,Low
10460,C460,4663.16,Medium
10461,C461,858.46,High
10462,C462,$765.06,High
10463,C463,"$4,287.11",High
10464,C464,1576.55,High
10465,C465,"$3,423.70",Low
10466,C466,4990.03,Low
10467,C467,2522.01,Medium
10468,C468,498.55,Low
10469,C469,"$3,084.72",Low
10470,C470,"$2,425.34",Medium
10471,C471,"$3,257.70",Medium
10472,C472,4022.92,Medium
10473,C473,4736.2,Low
10474,C474,238.08,Low
10475,C475,1945.81,Medium
10476,C476,3802.01,Medium
10477,C477,$873.88,Medium
10478,C478,"$4,671.85",Low
10479,C479,4089.87,Low
10480,C480,$220.15,High
10481,C481,"$1,502.19",Low
10482,C482,NaN,Low
10483,C483,"$3,389.60",Low
10484,C484,633.06,Medium
10485,C485,"$2,683.15",Low
10486,C486,3629.05,Medium
10487,C487,"$4,004.40",High
10488,C488,"$2,576.91",High
10489,C489,"$4,505.34",Medium
10490,C490,"$1,661.05",Medium
10491,C491,2363.64,Medium
10492,C492,3122.25,Low
10493,C493,"$2,151.79",High
10494,C494,349.96,Medium
10495,C495,1110.05,Low
10496,C496,"$3,110.89",High
10497,C497,3769.61,Low
10498,C498,"$1,484.57",High
10499,C499,1962.69,Low
10500,C500,2484.69,High
10501,C501,"$1,285.76",High
10502,C502,2388.47,Low
10503,C503,843.27,Medium
10504,C504,"$4,825.28",High
10505,C505,1305.3,Medium
10506,C506,564.43,Low
10507,C507,3378.87,Medium
10508,C508,"$2,414.72",Medium
10509,C509,"$3,658.40",Medium
10510,C510,181.09,Medium
10511,C511,"$4,003.18",Medium
10512,C512,"$4,367.15",High
10513,C513,$466.39,High
10514,C514,"$1,579.21",High
10515,C515,"$1,570.34",Low
10516,C516,"$4,085.84",Medium
10517,C517,4563.29,High
10518,C518,"$2,815.67",Low
10519,C519,4692.74,High
10520,C520,"$1,303.50",High
10521,C521,"$3,108.70",Medium
10522,C522,4786.37,Low
10523,C523,"$3,721.17",Medium
10524,C524,3806.81,Medium
10525,C525,"$2,398.85",High
10526,C526,1881.66,Medium
10527,C527,588.78,Low
10528,C528,4392.43,Medium
10529,C529,4458.91,Medium
10530,C530,1589.15,Medium
10531,C531,"$4,986.34",High
10532,C532,"$4,258.74",Low
10533,C533,"$4,826.08",High
10534,C534,3977.28,High
10535,C535,1115.58,High
10536,C536,NaN,High
10537,C537,508.89,High
10538,C538,"$1,494.26",Low
10539,C539,3533.05,Medium
10540,C540,1212.06,High
10541,C541,4456.5,High
10542,C542,"$4,142.42",Low
10543,C543,1911.01,Low
10544,C544,"$3,973.87",Medium
10545,C545,"$1,907.12",Low
10546,C546,"$4,263.87",Medium
10547,C547,$27.08,High
10548,C548,"$3,445.10",High
10549,C549,3186.97,Medium
10550,C550,4184.76,Low
10551,C551,118.53,Medium
10552,C552,664.39,Low
10553,C553,4633.98,High
10554,C554,4615.45,Low
10555,C555,2636.88,Medium
10556,C556,$662.99,Medium
10557,C557,3950.35,High
10558,C558,844.28,Low
10559,C559,$129.04,Low
10560,C560,697.06,Low
10561,C561,"$2,879.47",High
10562,C562,"$3,180.45",Low
10563,C563,810.61,Medium
10564,C564,2424.55,Low
10565,C565,"$2,016.06",High
10566,C566,"$1,889.34",Low
10567,C567,2589.33,Low
10568,C568,3301.7,Medium
10569,C569,"$2,021.08",Low
10570,C570,"$2,651.62",Medium
10571,C571,"$2,166.35",Medium
10572,C572,"$1,549.44",High
10573,C573,4386.41,Medium
10574,C574,3071.19,Medium
10575,C575,"$3,909.12",High
10576,C576,NaN,Medium
10577,C577,"$3,587.90",High
10578,C578,429.12,Low
10579,C579,3934.83,High
10580,C580,1024.88,Medium
10581,C581,"$2,378.60",High
10582,C582,3635.57,Medium
10583,C583,188.41,Low
10584,C584,"$1,257.20",High
10585,C585,1092.4,Low
10586,C586,$560.03,Medium
10587,C587,4765.06,Medium
10588,C588,4974.1,Low
10589,C589,"$1,678.18",High
10590,C590,"$4,133.28",High
10591,C591,"$1,114.43",Medium
10592,C592,625.1,Low
10593,C593,"$3,298.91",Low
10594,C594,$378.55,High
10595,C595,1702.72,High
10596,C596,4722.99,High
10597,C597,"$4,352.57",Low
10598,C598,3472.22,High
10599,C599,4007.47,High
10600,C600,4905.72,Medium
10601,C601,$318.30,High
10602,C602,"$4,305.46",High
10603,C603,4558.9,Low
10604,C604,2963.0,Low
10605,C605,"$2,853.15",Medium
10606,C606,2598.9,High
10607,C607,$275.08,Medium
10608,C608,1697.34,Low
10609,C609,4057.45,Medium
10610,C610,"$1,849.26",Low
10611,C611,4502.61,Medium
10612,C612,$177.17,Medium
10613,C613,$216.92,High
10614,C614,"$3,134.07",Medium
10615,C615,2374.82,High
10616,C616,3514.94,High
10617,C617,2209.8,High
10618,C618,997.26,High
10619,C619,"$2,619.81",Medium
10620,C620,NaN,Low
10621,C621,"$2,639.55",Low
10622,C622,"$1,120.44",Low
10623,C623,$374.21,Medium
10624,C624,$415.12,High
10625,C625,"$2,762.56",Low
10626,C626,4506.47,Medium
10627,C627,4863.42,High
10628,C628,"$3,026.30",Low
10629,C629,"$3,125.14",High
10630,C630,"$4,717.49",Low
10631,C631,$533.65,Low
10632,C632,3373.62,Low
10633,C633,"$2,620.94",High
10634,C634,$158.32,Medium
10635,C635,2856.23,High
10636,C636,76.59,Low
10637,C637,$757.42,High
10638,C638,$481.94,Medium
10639,C639,"$4,124.64",High
10640,C640,4369.9,Medium
10641,C641,4383.15,Medium
10642,C642,"$2,790.53",High
10643,C643,"$4,873.46",Low
10644,C644,"$1,804.28",Medium
10645,C645,"$2,980.84",High
10646,C646,"$2,143.58",Medium
10647,C647,"$1,868.27",Low
10648,C648,4379.9,High
10649,C649,4715.13,High
10650,C650,"$4,417.59",High
10651,C651,"$1,456.00",Low
10652,C652,$137.82,Medium
10653,C653,"$1,825.36",High
10654,C654,"$4,342.26",Medium
10655,C655,"$4,358.54",Medium
10656,C656,"$3,321.64",Low
10657,C657,$261.75,High
10658,C658,910.0,Medium
10659,C659,3219.37,High
10660,C660,$237.04,High
10661,C661,"$1,762.97",Low
10662,C662,NaN,High
10663,C663,"$1,667.51",High
10664,C664,$645.57,Medium
10665,C665,$899.37,Low
10666,C666,NaN,High
10667,C667,3430.58,Medium
10668,C668,"$1,739.72",Low
10669,C669,4990.07,Low
10670,C670,1882.98,Medium
10671,C671,3559.75,Medium
10672,C672,1955.65,Medium
10673,C673,"$1,901.81",Medium
10674,C674,"$1,693.69",Medium
10675,C675,1885.55,High
10676,C676,"$3,356.68",High
10677,C677,"$2,768.19",Low
10678,C678,NaN,High
10679,C679,"$3,603.45",High
10680,C680,1572.01,High
10681,C681,"$3,253.58",Medium
10682,C682,"$2,555.89",Low
10683,C683,"$4,172.92",Low
10684,C684,$413.11,Low
10685,C685,4234.22,Low
10686,C686,2535.25,High
10687,C687,$253.09,High
10688,C688,"$2,441.10",Medium
10689,C689,"$3,118.04",Low
10690,C690,2813.44,High
10691,C691,4666.8,High
10692,C692,"$4,931.97",Medium
10693,C693,883.4,Medium
10694,C694,"$3,338.57",Medium
10695,C695,"$1,889.69",High
10696,C696,1659.04,High
10697,C697,"$3,911.26",Medium
10698,C698,"$2,563.45",Low
10699,C699,476.31,Medium
10700,C700,3856.7,Medium
10701,C701,2843.07,Medium
10702,C702,"$1,056.34",Medium
10703,C703,NaN,High
10704,C704,"$1,593.61",Low
10705,C705,$822.56,Medium
10706,C706,3907.89,Low
10707,C707,"$1,272.92",Low
10708,C708,1670.68,Low
10709,C709,"$2,168.92",Medium
10710,C710,2103.04,High
10711,C711,4479.87,Medium
10712,C712,1150.21,Low
10713,C713,NaN,Low
10714,C714,"$1,314.69",High
10715,C715,"$3,965.32",Medium
10716,C716,"$2,895.17",Low
10717,C717,"$4,389.69",High
10718,C718,"$4,380.75",Low
10719,C719,"$3,780.97",High
10720,C720,963.13,High
10721,C721,"$1,425.13",Medium
10722,C722,2760.11,Low
10723,C723,"$1,856.94",Medium
10724,C724,"$3,511.00",Low
10725,C725,"$2,642.17",Medium
10726,C726,"$4,653.89",Low
10727,C727,"$4,270.80",Medium
10728,C728,"$4,413.00",High
10729,C729,190.81,Low
10730,C730,"$3,885.22",Low
10731,C731,NaN,High
10732,C732,"$1,294.83",Medium
10733,C733,2795.85,Low
10734,C734,2536.42,Low
10735,C735,3913.7,Medium
10736,C736,"$2,693.27",High
10737,C737,2204.17,Medium
10738,C738,1814.94,Medium
10739,C739,"$4,413.81",Medium
10740,C740,NaN,Low
10741,C741,"$3,724.08",High
10742,C742,$216.35,High
10743,C743,2153.13,Medium
10744,C744,"$1,461.16",Low
10745,C745,"$4,740.69",Medium
10746,C746,"$4,277.35",Low
10747,C747,3313.55,Low
10748,C748,"$4,319.01",Low
10749,C749,2768.86,Low
10750,C750,"$2,326.14",High
10751,C751,2196.01,Low
10752,C752,"$3,153.37",Low
10753,C753,2910.44,Medium
10754,C754,"$4,212.97",Medium
10755,C755,135.1,High
10756,C756,3689.22,Medium
10757,C757,NaN,Low
10758,C758,635.01,Medium
10759,C759,"$3,663.00",High
10760,C760,"$1,706.30",Medium
10761,C761,NaN,Medium
10762,C762,"$1,752.02",High
10763,C763,2743.79,High
10764,C764,1881.17,Low
10765,C765,$106.97,Medium
10766,C766,"$2,596.44",Low
10767,C767,4819.14,Medium
10768,C768,"$1,113.75",Medium
10769,C769,"$1,563.05",Low
10770,C770,4612.8,Medium
10771,C771,NaN,Medium
10772,C772,3971.92,Medium
10773,C773,2893.15,High
10774,C774,2175.31,Low
10775,C775,4950.48,High
10776,C776,"$3,383.86",Low
10777,C777,1497.85,Low
10778,C778,$18.57,Medium
10779,C779,"$2,592.47",Low
10780,C780,"$1,286.58",High
10781,C781,"$2,110.53",High
10782,C782,2623.77,High
10783,C783,4833.19,Low
10784,C784,"$1,854.77",High
10785,C785,3142.18,Low
10786,C786,NaN,High
10787,C787,"$3,322.97",High
10788,C788,"$4,837.54",Low
10789,C789,"$2,386.81",High
10790,C790,4872.25,Medium
10791,C791,138.48,Low
10792,C792,1320.63,Low
10793,C793,"$1,966.97",Low
10794,C794,NaN,Medium
10795,C795,NaN,Low
10796,C796,$160.38,High
10797,C797,"$3,117.39",High
10798,C798,3491.82,High
10799,C799,3330.79,Low
10800,C800,"$1,349.43",High
10801,C801,834.23,Low
10802,C802,3769.14,High
10803,C803,"$2,839.74",Medium
10804,C804,559.48,Medium
10805,C805,1459.37,Medium
10806,C806,"$3,841.10",Medium
10807,C807,3036.06,Low
10808,C808,"$1,869.92",High
10809,C809,$569.50,Medium
10810,C810,3998.37,Low
10811,C811,567.69,Medium
10812,C812,3589.86,Medium
10813,C813,4223.73,Low
10814,C814,2555.27,Low
10815,C815,1098.95,High
10816,C816,$604.10,High
10817,C817,4409.53,Medium
10818,C818,3950.68,Medium
10819,C819,3312.03,High
10820,C820,2410.16,High
10821,C821,3522.48,Low
10822,C822,1389.66,High
10823,C823,236.17,High
10824,C824,"$4,082.70",Medium
10825,C825,4062.64,High
10826,C826,"$2,163.76",Medium
10827,C827,"$3,586.30",High
10828,C828,4410.46,Low
10829,C829,2750.89,High
10830,C830,"$3,789.68",High
10831,C831,"$1,822.97",High
10832,C832,773.46,Medium
10833,C833,2009.19,Low
10834,C834,348.35,High
10835,C835,1744.63,Medium
10836,C836,"$3,171.49",Low
10837,C837,4061.8,Medium
10838,C838,3008.43,Medium
10839,C839,3026.02,Low
10840,C840,2533.28,High
10841,C841,465.83,Medium
10842,C842,4769.05,Medium
10843,C843,"$2,723.68",High
10844,C844,2288.5,High
10845,C845,"$1,211.36",Low
10846,C846,4079.07,Low
10847,C847,2634.99,Low
10848,C848,"$2,430.17",High
10849,C849,4696.37,Medium
10850,C850,271.84,Medium
10851,C851,2139.17,Low
10852,C852,$920.08,High
10853,C853,1419.45,Medium
10854,C854,4711.74,Low
10855,C855,"$1,383.14",Medium
10856,C856,$111.35,Medium
10857,C857,"$2,811.74",High
10858,C858,2808.33,High
10859,C859,3865.23,Medium
10860,C860,"$1,249.26",Low
10861,C861,"$4,112.19",High
10862,C862,3151.47,Medium
10863,C863,NaN,High
10864,C864,"$2,017.45",High
10865,C865,2085.76,High
10866,C866,4169.62,Medium
10867,C867,"$1,155.36",Low
10868,C868,"$1,192.64",Low
10869,C869,"$1,501.30",Low
10870,C870,"$3,825.75",High
10871,C871,"$4,131.76",Medium
10872,C872,3044.84,High
10873,C873,"$3,756.69",Low
10874,C874,NaN,Low
10875,C875,4557.4,Medium
10876,C876,"$3,160.79",High
10877,C877,"$4,796.43",Low
10878,C878,$208.65,Medium
10879,C879,1108.09,High
10880,C880,"$2,146.67",High
10881,C881,"$3,423.93",Low
10882,C882,3815.6,Low
10883,C883,"$4,134.32",High
10884,C884,"$1,195.99",High
10885,C885,"$2,552.01",Low
10886,C886,"$2,326.47",High
10887,C887,2135.98,Low
10888,C888,"$4,464.52",High
10889,C889,"$1,332.49",Low
10890,C890,"$3,431.75",Medium
10891,C891,1213.84,Low
10892,C892,"$2,669.90",Low
10893,C893,"$2,714.95",Medium
10894,C894,"$2,385.67",High
10895,C895,NaN,Medium
10896,C896,2722.4,Low
10897,C897,2749.94,High
10898,C898,"$2,855.65",Medium
10899,C899,"$2,167.50",High
10900,C900,"$3,933.55",High
10901,C901,"$1,502.90",Medium
10902,C902,1429.13,High
10903,C903,2829.71,Medium
10904,C904,$157.52,Low
10905,C905,3212.66,High
10906,C906,$736.83,Low
10907,C907,$373.15,Low
10908,C908,2506.6,High
10909,C909,2848.03,Medium
10910,C910,NaN,High
10911,C911,256.78,Low
10912,C912,"$2,801.73",Low
10913,C913,$31.72,Medium
10914,C914,$586.92,High
10915,C915,"$3,517.45",Low
10916,C916,"$3,277.42",Low
10917,C917,1682.07,Low
10918,C918,NaN,Medium
10919,C919,596.07,Low
10920,C920,"$4,940.49",Low
10921,C921,$540.66,High
10922,C922,"$2,486.35",High
10923,C923,2289.19,Low
10924,C924,"$2,159.89",Low
10925,C925,"$3,736.73",High
10926,C926,NaN,Medium
10927,C927,"$3,169.53",Medium
10928,C928,4686.03,Medium
10929,C929,380.49,Medium
10930,C930,1297.73,Medium
10931,C931,"$4,330.00",Medium
10932,C932,"$1,900.60",Medium
10933,C933,"$4,441.73",Medium
10934,C934,2563.1,High
10935,C935,"$3,175.57",Medium
10936,C936,"$1,418.53",Medium
10937,C937,359.3,Medium
10938,C938,"$3,970.88",Low
10939,C939,"$4,897.43",High
10940,C940,"$2,894.28",High
10941,C941,3835.11,High
10942,C942,"$4,073.34",Medium
10943,C943,"$3,919.76",Medium
10944,C944,$734.10,Low
10945,C945,16.92,High
10946,C946,"$3,814.65",Medium
10947,C947,"$3,333.78",High
10948,C948,"$2,807.13",Low
10949,C949,2159.15,Low
10950,C950,4198.08,Low
10951,C951,3131.16,High
10952,C952,1880.96,Medium
10953,C953,2658.42,Medium
10954,C954,810.48,Low
10955,C955,4757.93,Medium
10956,C956,NaN,Low
10957,C957,2524.26,High
10958,C958,2341.33,Low
10959,C959,"$2,794.41",High
10960,C960,"$3,242.34",Low
10961,C961,2520.33,Medium
10962,C962,NaN,Medium
10963,C963,"$3,673.81",Low
10964,C964,"$4,149.22",Medium
10965,C965,3074.09,Medium
10966,C966,"$1,002.80",Medium
10967,C967,545.78,High
10968,C968,1748.34,Medium
10969,C969,"$4,461.70",High
10970,C970,3145.62,Low
10971,C971,3171.73,Medium
10972,C972,3158.14,Medium
10973,C973,"$4,868.42",Medium
10974,C974,"$2,323.06",Low
10975,C975,4381.67,High
10976,C976,794.6,High
10977,C977,4402.28,Medium
10978,C978,2633.2,Low
10979,C979,1620.25,Low
10980,C980,1738.64,Low
10981,C981,$283.16,Low
10982,C982,"$4,585.89",Low
10983,C983,"$1,862.90",High
10984,C984,"$1,448.98",High
10985,C985,2005.98,High
10986,C986,"$4,832.72",Medium
10987,C987,$607.76,Low
10988,C988,"$4,852.46",Medium
10989,C989,"$3,329.31",Low
10990,C990,"$4,519.10",High
10991,C991,393.38,Medium
10992,C992,3828.88,High
10993,C993,"$4,561.63",Low
10994,C994,2943.59,Low
10995,C995,75.89,Low
10996,C996,3886.52,High
10997,C997,"$1,264.31",Low
10998,C998,2399.25,High
10999,C999,"$3,622.77",Medium
11000,C1000,4198.47,Low
11001,C1001,2736.2,Low
11002,C1002,83.98,Low
11003,C1003,"$1,838.55",Medium
11004,C1004,"$4,238.87",Low
11005,C1005,4583.2,High
11006,C1006,216.65,High
11007,C1007,4998.25,Low
11008,C1008,"$2,648.40",Low
11009,C1009,2990.66,Medium
11010,C1010,$285.37,Medium
11011,C1011,2404.77,Medium
11012,C1012,$259.14,Low
11013,C1013,"$2,176.63",Medium
11014,C1014,4743.01,Medium
11015,C1015,"$4,766.59",High
11016,C1016,"$3,882.41",Medium
11017,C1017,2009.27,High
11018,C1018,"$2,584.39",High
11019,C1019,"$1,373.45",Medium
11020,C1020,"$4,456.83",High
11021,C1021,3722.87,Low
11022,C1022,"$3,449.34",Low
11023,C1023,"$4,903.07",Medium
11024,C1024,"$2,147.16",Low
11025,C1025,362.6,High
11026,C1026,$357.41,Low
11027,C1027,2884.58,Medium
11028,C1028,"$2,728.67",Medium
11029,C1029,2836.99,High
11030,C1030,1382.5,Medium
11031,C1031,"$4,759.04",Low
11032,C1032,1723.13,Medium
11033,C1033,2623.18,High
11034,C1034,"$4,937.90",Medium
11035,C1035,487.57,Low
11036,C1036,"$4,931.30",High
11037,C1037,2053.34,Low
11038,C1038,238.49,High
11039,C1039,3481.04,Medium
11040,C1040,3301.46,High
11041,C1041,"$2,785.02",High
11042,C1042,"$2,929.18",Medium
11043,C1043,NaN,Low
11044,C1044,3352.49,Medium
11045,C1045,767.17,High
11046,C1046,3806.41,Medium
11047,C1047,$449.97,High
11048,C1048,1731.92,Medium
11049,C1049,$390.67,Medium
11050,C1050,"$1,250.49",Low
11051,C1051,"$2,197.44",High
11052,C1052,$129.77,Low
11053,C1053,"$3,627.33",High
11054,C1054,"$4,998.81",Medium
11055,C1055,"$4,060.25",High
11056,C1056,"$2,856.61",Low
11057,C1057,"$1,596.34",Low
11058,C1058,1020.08,Low
11059,C1059,$929.87,High
11060,C1060,4255.56,Low
11061,C1061,846.52,Low
11062,C1062,"$4,384.25",Low
11063,C1063,"$1,730.92",Medium
11064,C1064,"$2,554.17",Medium
11065,C1065,2092.85,High
11066,C1066,2451.56,High
11067,C1067,"$3,039.73",Low
11068,C1068,$739.28,Medium
11069,C1069,4954.26,Low
11070,C1070,"$1,141.08",Low
11071,C1071,175.59,Medium
11072,C1072,4587.68,Medium
11073,C1073,4693.2,Medium
11074,C1074,"$4,455.76",High
11075,C1075,$856.76,High
11076,C1076,"$2,387.87",Low
11077,C1077,$36.61,High
11078,C1078,701.94,Medium
11079,C1079,1911.47,Medium
11080,C1080,$904.64,High
11081,C1081,4281.99,Low
11082,C1082,4764.03,Low
11083,C1083,3331.3,High
11084,C1084,"$2,296.39",Low
11085,C1085,"$3,784.59",Low
11086,C1086,"$4,391.24",Low
11087,C1087,1012.18,Medium
11088,C1088,"$3,875.46",Medium
11089,C1089,"$1,822.84",High
11090,C1090,"$4,172.35",Medium
11091,C1091,"$2,850.07",Low
11092,C1092,"$2,409.20",Medium
11093,C1093,"$3,652.31",High
11094,C1094,"$2,166.41",Medium
11095,C1095,4762.33,Low
11096,C1096,"$1,632.36",Low
11097,C1097,3995.69,High
11098,C1098,"$3,312.51",Medium
11099,C1099,"$4,498.84",Medium
11100,C1100,1710.66,Medium
11101,C1101,1357.7,Low
11102,C1102,96.59,High
11103,C1103,2095.83,Medium
11104,C1104,"$1,575.59",Low
11105,C1105,4382.44,Low
11106,C1106,"$4,704.42",Low
11107,C1107,"$3,431.98",Medium
11108,C1108,"$1,645.25",Medium
11109,C1109,3824.92,Medium
11110,C1110,"$4,218.30",Medium
11111,C1111,"$2,271.74",Medium
11112,C1112,"$4,806.87",Medium
11113,C1113,1302.37,Medium
11114,C1114,NaN,Medium
11115,C1115,548.29,Medium
11116,C1116,$615.98,Low
11117,C1117,3661.32,Medium
11118,C1118,NaN,High
11119,C1119,4228.77,Low
11120,C1120,4657.57,Medium
11121,C1121,2395.29,High
11122,C1122,1332.14,Medium
11123,C1123,$771.57,High
11124,C1124,2967.58,High
11125,C1125,NaN,High
11126,C1126,2791.17,High
11127,C1127,3477.0,Low
11128,C1128,"$3,906.52",Low
11129,C1129,"$2,654.35",High
11130,C1130,"$2,352.10",Medium
11131,C1131,1349.5,High
11132,C1132,NaN,Low
11133,C1133,3927.04,Medium
11134,C1134,"$4,320.63",Low
11135,C1135,3802.85,Low
11136,C1136,"$3,844.09",Medium
11137,C1137,"$3,227.12",High
11138,C1138,"$2,238.73",High
11139,C1139,2695.08,High
11140,C1140,"$4,283.35",High
11141,C1141,$632.96,Medium
11142,C1142,2186.61,Medium
11143,C1143,$940.47,Medium
11144,C1144,3167.26,Low
11145,C1145,"$1,696.75",Medium
11146,C1146,3691.93,High
11147,C1147,4361.9,Low
11148,C1148,"$2,282.04",High
11149,C1149,"$1,835.01",High
11150,C1150,64.26,Medium
11151,C1151,3749.02,Medium
11152,C1152,"$1,474.76",High
11153,C1153,"$4,260.52",High
11154,C1154,"$4,666.46",Low
11155,C1155,"$1,920.41",Medium
11156,C1156,4908.52,Low
11157,C1157,"$4,957.38",Low
11158,C1158,3676.06,Low
11159,C1159,"$4,136.76",High
11160,C1160,3408.11,Low
11161,C1161,1920.06,Low
11162,C1162,$527.72,High
11163,C1163,3275.53,Medium
11164,C1164,NaN,Medium
11165,C1165,"$4,272.87",Low
11166,C1166,"$4,258.88",High
11167,C1167,"$2,828.94",Medium
11168,C1168,"$1,255.05",Low
11169,C1169,3628.87,Low
11170,C1170,3847.06,High
11171,C1171,"$2,694.68",Low
11172,C1172,4869.47,Medium
11173,C1173,3984.75,High
11174,C1174,"$1,696.96",Medium
11175,C1175,3401.25,Medium
11176,C1176,4692.72,Medium
11177,C1177,$86.91,Low
11178,C1178,"$3,394.55",Low
11179,C1179,$243.97,Medium
11180,C1180,NaN,Medium
11181,C1181,"$4,671.35",High
11182,C1182,"$2,089.56",High
11183,C1183,$346.05,Low
11184,C1184,$20.79,Low
11185,C1185,"$1,367.90",High
11186,C1186,NaN,Medium
11187,C1187,$482.91,Low
11188,C1188,4465.94,Medium
11189,C1189,1504.69,High
11190,C1190,1345.71,Low
11191,C1191,3314.52,Low
11192,C1192,$383.03,High
11193,C1193,1225.4,Low
11194,C1194,153.04,High
11195,C1195,4157.56,Low
11196,C1196,"$1,353.51",High
11197,C1197,"$3,413.44",Low
11198,C1198,"$4,391.27",Medium
11199,C1199,2888.52,Medium
11200,C1200,641.77,Medium
11201,C1201,"$3,273.26",Low
11202,C1202,1051.37,Low
11203,C1203,3200.02,Medium
11204,C1204,3979.01,Medium
11205,C1205,"$2,310.63",High
11206,C1206,625.98,High
11207,C1207,2531.41,High
11208,C1208,"$3,513.72",Medium
11209,C1209,NaN,Medium
11210,C1210,4090.79,Medium
11211,C1211,3782.23,High
11212,C1212,"$3,938.54",Low
11213,C1213,2038.44,Medium
11214,C1214,$935.58,Low
11215,C1215,"$1,939.81",Low
11216,C1216,"$4,751.97",Low
11217,C1217,"$4,095.87",High
11218,C1218,NaN,Low
11219,C1219,4852.52,Medium
11220,C1220,"$3,119.22",High
11221,C1221,4016.46,Medium
11222,C1222,"$3,796.78",Medium
11223,C1223,1186.77,High
11224,C1224,2898.17,Medium
11225,C1225,2921.05,Medium
11226,C1226,3017.97,High
11227,C1227,4230.09,Medium
11228,C1228,843.41,Low
11229,C1229,"$1,418.55",Medium
11230,C1230,"$4,014.44",Low
11231,C1231,970.32,Medium
11232,C1232,"$2,997.07",High
11233,C1233,4525.71,High
11234,C1234,"$4,877.50",Medium
11235,C1235,"$4,271.49",High
11236,C1236,"$2,146.28",Medium
11237,C1237,$807.52,High
11238,C1238,NaN,Low
11239,C1239,NaN,Medium
11240,C1240,2294.87,Low
11241,C1241,"$3,934.55",Low
11242,C1242,"$1,466.93",Medium
11243,C1243,"$1,810.28",Low
11244,C1244,1502.06,Medium
11245,C1245,3326.41,Low
11246,C1246,2790.54,Medium
11247,C1247,"$1,938.98",Medium
11248,C1248,3130.85,High
11249,C1249,$62.52,Medium
11250,C1250,"$4,564.84",Medium
11251,C1251,NaN,Low
11252,C1252,"$2,399.43",Medium
11253,C1253,2732.75,High
11254,C1254,NaN,Low
11255,C1255,"$1,689.53",Low
11256,C1256,$268.83,High
11257,C1257,1733.97,Low
11258,C1258,3997.07,Low
11259,C1259,"$4,409.61",Low
11260,C1260,$990.14,Low
11261,C1261,"$1,036.21",High
11262,C1262,1079.09,High
11263,C1263,2638.4,Low
11264,C1264,4385.1,Low
11265,C1265,2733.54,High
11266,C1266,"$4,432.38",High
11267,C1267,4747.4,High
11268,C1268,1386.11,Low
11269,C1269,"$4,555.82",Low
11270,C1270,"$2,178.33",Medium
11271,C1271,"$1,671.26",High
11272,C1272,4574.13,Low
11273,C1273,"$1,446.81",High
11274,C1274,"$1,323.88",Low
11275,C1275,3400.6,High
11276,C1276,949.96,Low
11277,C1277,"$2,087.97",Medium
11278,C1278,$593.51,Medium
11279,C1279,"$4,862.29",High
11280,C1280,2513.74,Low
11281,C1281,641.41,Low
11282,C1282,3891.43,High
11283,C1283,1913.24,Low
11284,C1284,NaN,High
11285,C1285,57.13,Low
11286,C1286,189.69,High
11287,C1287,"$2,951.21",Low
11288,C1288,4444.5,High
11289,C1289,"$2,617.21",Low
11290,C1290,4675.84,Medium
11291,C1291,$467.75,Low
11292,C1292,2867.33,High
11293,C1293,265.46,Medium
11294,C1294,4800.06,Low
11295,C1295,2234.83,Medium
11296,C1296,1120.61,Low
11297,C1297,"$2,307.06",Medium
11298,C1298,"$4,365.26",High
11299,C1299,3550.93,Low
11300,C1300,2177.87,Low
11301,C1301,"$4,223.69",High
11302,C1302,"$1,392.42",Medium
11303,C1303,"$1,380.60",High
11304,C1304,"$3,546.20",High
11305,C1305,"$3,877.78",Medium
11306,C1306,696.39,High
11307,C1307,"$1,332.38",Low
11308,C1308,"$2,004.34",Low
11309,C1309,"$1,849.82",Low
11310,C1310,4036.07,High
11311,C1311,"$4,663.84",Low
11312,C1312,"$3,157.93",Low
11313,C1313,"$4,094.40",Low
11314,C1314,48.33,Low
11315,C1315,$381.57,Low
11316,C1316,465.85,Low
11317,C1317,2242.16,High
11318,C1318,4240.51,Low
11319,C1319,2801.52,Low
11320,C1320,3468.3,Medium
11321,C1321,4984.42,High
11322,C1322,168.28,High
11323,C1323,NaN,High
11324,C1324,462.48,High
11325,C1325,$813.28,Low
11326,C1326,206.08,Low
11327,C1327,"$4,969.70",Medium
11328,C1328,1501.15,Medium
11329,C1329,"$3,299.19",High
11330,C1330,1814.98,Medium
11331,C1331,$27.97,Medium
11332,C1332,NaN,High
11333,C1333,232.53,High
11334,C1334,2331.88,Medium
11335,C1335,"$2,087.49",Low
11336,C1336,1614.66,Medium
11337,C1337,"$2,343.49",Medium
11338,C1338,$658.30,Low
11339,C1339,"$2,192.33",Low
11340,C1340,$763.48,High
11341,C1341,"$1,733.49",High
11342,C1342,4623.96,Medium
11343,C1343,$192.40,Low
11344,C1344,"$3,861.48",High
11345,C1345,124.06,Medium
11346,C1346,3961.97,Low
11347,C1347,3461.05,Medium
11348,C1348,"$2,517.96",High
11349,C1349,4775.26,High
11350,C1350,"$4,502.81",Low
11351,C1351,252.27,Medium
11352,C1352,"$1,302.87",Low
11353,C1353,"$3,085.01",High
11354,C1354,2650.86,High
11355,C1355,4757.22,Medium
11356,C1356,881.4,Medium
11357,C1357,$869.81,Medium
11358,C1358,4296.14,Low
11359,C1359,"$3,982.70",Medium
11360,C1360,3530.97,Medium
11361,C1361,"$2,696.73",High
11362,C1362,"$2,073.95",High
11363,C1363,284.7,Medium
11364,C1364,3602.42,Medium
11365,C1365,1258.7,High
11366,C1366,NaN,Medium
11367,C1367,"$4,669.28",Low
11368,C1368,$873.36,Low
11369,C1369,860.58,Low
11370,C1370,"$4,387.99",Medium
11371,C1371,3446.88,High
11372,C1372,4017.03,Medium
11373,C1373,3716.71,Medium
11374,C1374,"$1,102.57",High
11375,C1375,"$1,750.93",High
11376,C1376,NaN,High
11377,C1377,662.71,Low
11378,C1378,"$4,357.61",Medium
11379,C1379,2330.55,High
11380,C1380,1595.92,Medium
11381,C1381,"$3,727.66",Low
11382,C1382,4550.28,Low
11383,C1383,NaN,High
11384,C1384,2218.66,High
11385,C1385,955.44,Medium
11386,C1386,"$3,209.57",High
11387,C1387,$493.61,Medium
11388,C1388,"$2,591.65",High
11389,C1389,"$3,293.60",Medium
11390,C1390,"$1,107.65",Medium
11391,C1391,4011.09,Medium
11392,C1392,"$3,421.91",Medium
11393,C1393,2561.66,Low
11394,C1394,3412.55,Medium
11395,C1395,$664.88,High
11396,C1396,2154.11,Low
11397,C1397,2983.54,Low
11398,C1398,4721.19,Medium
11399,C1399,1415.17,Low
11400,C1400,"$1,339.92",Medium
11401,C1401,"$1,202.98",High
11402,C1402,"$1,418.82",Medium
11403,C1403,NaN,Low
11404,C1404,"$4,032.84",High
11405,C1405,"$2,780.89",Medium
11406,C1406,$173.91,High
11407,C1407,2767.85,High
11408,C1408,"$4,195.88",Low
11409,C1409,$459.07,High
11410,C1410,365.28,Low
11411,C1411,2306.02,High
11412,C1412,$567.06,Medium
11413,C1413,3868.36,High
11414,C1414,"$4,470.14",Medium
11415,C1415,"$1,818.69",Medium
11416,C1416,2471.96,High
11417,C1417,4908.31,Medium
11418,C1418,4490.7,High
11419,C1419,"$3,061.13",High
11420,C1420,2384.43,Medium
11421,C1421,"$3,552.86",Medium
11422,C1422,"$1,373.69",Low
11423,C1423,$256.61,Medium
11424,C1424,4288.04,Low
11425,C1425,2510.38,Medium
11426,C1426,$838.79,High
11427,C1427,2927.66,Medium
11428,C1428,"$2,888.42",High
11429,C1429,2955.37,High
11430,C1430,2779.85,High
11431,C1431,4455.4,Low
11432,C1432,4761.47,Medium
11433,C1433,1811.31,High
11434,C1434,"$3,995.15",High
11435,C1435,357.78,Low
11436,C1436,4957.79,Medium
11437,C1437,4681.83,Medium
11438,C1438,4243.64,Low
11439,C1439,52.08,Low
11440,C1440,"$3,452.81",Medium
11441,C1441,$615.73,Low
11442,C1442,"$1,214.95",Medium
11443,C1443,$116.89,Medium
11444,C1444,NaN,High
11445,C1445,2226.76,High
11446,C1446,4330.07,Medium
11447,C1447,2453.25,Medium
11448,C1448,"$1,139.69",Medium
11449,C1449,2379.5,Medium
11450,C1450,"$4,815.24",Medium
11451,C1451,NaN,Medium
11452,C1452,$241.30,Low
11453,C1453,$848.25,Medium
11454,C1454,"$3,361.90",Low
11455,C1455,"$4,197.17",Low
11456,C1456,"$4,835.52",Medium
11457,C1457,"$2,814.66",Medium
11458,C1458,150.34,Low
11459,C1459,4801.15,Low
11460,C1460,"$1,306.66",Medium
11461,C1461,"$2,768.64",Medium
11462,C1462,"$3,953.64",Low
11463,C1463,3908.56,Low
11464,C1464,1802.71,Low
11465,C1465,NaN,High
11466,C1466,"$1,534.07",Low
11467,C1467,2268.67,High
11468,C1468,"$4,597.34",Medium
11469,C1469,2300.38,Medium
11470,C1470,"$1,097.22",Low
11471,C1471,"$1,113.96",Medium
11472,C1472,4987.87,Medium
11473,C1473,"$2,701.39",Medium
11474,C1474,$814.30,Medium
11475,C1475,28.73,High
11476,C1476,"$3,262.26",High
11477,C1477,"$2,456.67",Low
11478,C1478,"$4,584.09",Low
11479,C1479,$637.00,Low
11480,C1480,4615.77,Medium
11481,C1481,899.26,Medium
11482,C1482,4531.49,High
11483,C1483,3616.65,High
11484,C1484,4558.95,Low
11485,C1485,"$2,673.81",High
11486,C1486,"$3,073.19",High
11487,C1487,4961.24,High
11488,C1488,2792.97,High
11489,C1489,"$1,627.46",High
11490,C1490,2932.05,Low
11491,C1491,$901.40,Low
11492,C1492,4284.89,High
11493,C1493,3258.56,Low
11494,C1494,"$2,416.87",Medium
11495,C1495,2224.22,High
11496,C1496,508.69,Medium
11497,C1497,615.56,Low
11498,C1498,3995.94,Low
11499,C1499,"$4,319.45",Medium
11500,C1500,3863.53,Low
